0.896162;0.314778;0.0545357;0.772366;0.0620432;0.761685;
0.117891;0.755398;0.265049;0.757412;0.14023;0.55288;
0.723919;0.958221;0.0903029;0.0710613;0.157382;0.520348;
0.436866;0.716213;0.784222;0.100053;0.148653;0.394553;
0.323156;0.853605;0.694438;0.512352;0.992966;0.437217;
0.0429389;0.97586;0.512367;0.00715648;0.662943;0.191302;
0.10013;0.219684;0.523171;0.0649577;0.475013;0.231037;
0.0923781;0.00306706;0.855756;0.697475;0.33933;0.911894;
0.961105;0.775235;0.732769;0.19765;0.00979629;0.120562;
0.241428;0.766629;0.720623;0.889738;0.334081;0.0250401;
0.312291;0.738979;0.979477;0.879179;0.503578;0.824552;
0.646342;0.735256;0.513222;0.802701;0.303441;0.499535;
0.059968;0.829679;0.419532;0.578271;0.362585;0.56173;
0.963363;0.877714;0.139803;0.155108;0.403662;0.804105;
0.610391;0.266072;0.709209;0.263691;0.49308;0.0508583;
0.34873;0.662745;0.00662242;0.165728;0.29099;0.9075;
0.869795;0.766934;0.0047303;0.404196;0.301305;0.510704;
0.458717;0.0590982;0.0199283;0.553307;0.121675;0.278462;
0.244419;0.550988;0.962387;0.968536;0.693523;0.659998;
0.449561;0.535546;0.585977;0.536584;0.55198;0.885771;
0.640543;0.336995;0.738384;0.425437;0.0759594;0.717494;
0.977523;0.0608072;0.611002;0.834318;0.73814;0.198138;
0.464393;0.343709;0.988998;0.743679;0.354894;0.401938;
0.198825;0.103655;0.501259;0.665248;0.3364;0.184344;
0.622232;0.289876;0.870466;0.391989;0.936568;0.932097;
0.769757;0.632837;0.162997;0.748135;0.503029;0.31313;
0.520302;0.394247;0.0390326;0.339132;0.727214;0.026688;
0.84654;0.117082;0.00247196;0.301717;0.89427;0.553246;
0.0648508;0.37557;0.65098;0.0538491;0.133089;0.904509;
0.08542;0.52517;0.925948;0.0447547;0.666361;0.373434;
0.66215;0.452598;0.362524;0.504906;0.0604562;0.28426;
0.642679;0.325826;0.339635;0.196002;0.475563;0.742458;
0.218418;0.344076;0.329931;0.161028;0.915572;0.384726;
0.174533;0.487816;0.149813;0.474205;0.478126;0.129046;
0.139925;0.268757;0.209445;0.990997;0.604654;0.924651;
0.837263;0.479881;0.762737;0.0981003;0.330297;0.501976;
0.332921;0.945403;0.157321;0.463523;0.533974;0.122759;
0.287083;0.270771;0.0846265;0.786465;0.188327;0.329976;
0.203647;0.592737;0.829816;0.547387;0.609781;0.697841;
0.680278;0.329244;0.521767;0.758022;0.708476;0.581811;
0.658366;0.929534;0.383154;0.71133;0.238315;0.86862;
0.673075;0.624048;0.980392;0.731533;0.0469673;0.726223;
0.103304;0.174517;0.47361;0.924102;0.325841;0.353841;
0.421729;0.623926;0.866743;0.92575;0.86009;0.73196;
0.444739;0.0464637;0.25742;0.654444;0.278599;0.372274;
0.582498;0.297627;0.087068;0.0594034;0.304051;0.0677653;
0.0888991;0.764126;0.390845;0.871122;0.00283818;0.642664;
0.31162;0.113909;0.0476387;0.351278;0.0351263;0.702419;
0.942061;0.0462196;0.0301213;0.0428626;0.904829;0.383749;
0.265354;0.0415198;0.654704;0.520104;0.209567;0.104631;
0.410437;0.111528;0.831525;0.138445;0.890791;0.31429;
0.599954;0.549218;0.314488;0.784634;0.483619;0.243183;
0.400305;0.678798;0.951278;0.626612;0.366979;0.65304;
0.971664;0.605737;0.933272;0.863615;0.0135195;0.586816;
0.317906;0.966766;0.0456245;0.476097;0.239658;0.11873;
0.536721;0.679835;0.917281;0.975799;0.455543;0.104265;
0.0694896;0.694179;0.270848;0.155657;0.915084;0.930144;
0.9514;0.740261;0.172763;0.839933;0.965927;0.264302;
0.0613107;0.0797894;0.283177;0.634058;0.299474;0.805997;
0.371923;0.255756;0.105989;0.674769;0.2009;0.0356603;
0.199619;0.842374;0.238865;0.380026;0.799115;0.965057;
0.454566;0.195087;0.623209;0.199054;0.316747;0.887114;
0.890669;0.200641;0.794171;0.362325;0.320226;0.126055;
0.355566;0.0269932;0.130648;0.631556;0.969711;0.787381;
0.0406806;0.873381;0.105318;0.0496986;0.269078;0.507774;
0.731182;0.720241;0.534585;0.691005;0.316014;0.205219;
0.0559396;0.0793011;0.828595;0.41091;0.551919;0.828946;
0.737652;0.743557;0.241245;0.596155;0.0119326;0.109392;
0.842695;0.537194;0.120211;0.914702;0.57499;0.308309;
0.03122;0.0656901;0.156893;0.0657511;0.213718;0.968658;
0.807172;0.465782;0.636454;0.529808;0.244541;0.664637;
0.76817;0.155413;0.687785;0.318563;0.577615;0.751736;
0.855634;0.583825;0.533547;0.725002;0.966842;0.116655;
0.604715;0.981476;0.740154;0.0733196;0.259861;0.927398;
0.394324;0.110063;0.46775;0.469017;0.648112;0.383139;
0.697124;0.0125887;0.720256;0.548791;0.916732;0.464378;
0.329503;0.763272;0.595315;0.23061;0.694621;0.682826;
0.70164;0.217548;0.53434;0.463706;0.704448;0.831449;
0.0674144;0.762173;0.572488;0.978546;0.012604;0.734463;
0.774517;0.0650797;0.588663;0.03682;0.279271;0.997345;
0.514321;0.825528;0.55552;0.181537;0.00833143;0.756802;
0.572;0.523949;0.789471;0.986908;0.797467;0.430808;
0.0764477;0.172076;0.200656;0.808377;0.588052;0.468589;
0.25034;0.0628824;0.543008;0.532677;0.915267;0.100603;
0.660075;0.520592;0.664164;0.327779;0.157992;0.0885786;
0.465797;0.65066;0.755535;0.392905;0.788922;0.475486;
0.671427;0.0897993;0.602274;0.708522;0.62443;0.335531;
0.374609;0.756008;0.833295;0.786343;0.0746777;0.524193;
0.0167544;0.598474;0.171237;0.419333;0.393591;0.428183;
0.633036;0.347677;0.682536;0.431724;0.928817;0.71548;
0.102327;0.265339;0.0273136;0.428977;0.37174;0.0852827;
0.397314;0.894438;0.709514;0.547814;0.00753796;0.0180819;
0.834394;0.809171;0.326757;0.206195;0.965133;0.525597;
0.323705;0.365011;0.820478;0.853361;0.46714;0.900786;
0.619181;0.448692;0.725811;0.719753;0.0799878;0.467857;
0.56846;0.228168;0.421668;0.567102;0.963851;0.332296;
0.362951;0.902678;0.380713;0.438376;0.122591;0.130816;
0.787823;0.452659;0.419348;0.407797;0.65391;0.781399;
0.471962;0.389853;0.947738;0.330831;0.999191;0.233234;
0.138033;0.507225;0.21976;0.594202;0.193576;0.216815;
0.852461;0.628992;0.583108;0.865873;0.115999;0.993866;
0.275364;0.360616;0.729168;0.84506;0.739117;0.107317;
0.910689;0.838834;0.943099;0.0122225;0.379309;0.131426;
0.356054;0.48159;0.353796;0.37911;0.946761;0.421653;
0.552895;0.738125;0.183932;0.238666;0.195346;0.864714;
0.036347;0.838895;0.999924;0.915129;0.972763;0.628565;
0.185336;0.545617;0.961898;0.513939;0.470375;0.912444;
0.472511;0.901274;0.0737621;0.671839;0.473365;0.696803;
0.714275;0.980072;0.433204;0.306783;0.610636;0.49337;
0.320775;0.637476;0.481605;0.368002;0.604837;0.0951095;
0.545937;0.260212;0.254124;0.585962;0.522377;0.326253;
0.737407;0.516258;0.629679;0.22237;0.0234073;0.792264;
0.586587;0.104814;0.580911;0.820218;0.611856;0.629847;
0.378637;0.506371;0.424231;0.953704;0.885359;0.256977;
0.242466;0.732631;0.0697948;0.978302;0.785321;0.122881;
0.400732;0.0765545;0.271519;0.780728;0.846906;0.45803;
0.419837;0.862394;0.877058;0.528954;0.449012;0.0241245;
0.459937;0.195575;0.0777905;0.422202;0.0643015;0.864164;
0.524941;0.712856;0.658915;0.44094;0.509194;0.0523232;
0.712505;0.332174;0.249302;0.0968795;0.19382;0.444114;
0.464027;0.00276188;0.571633;0.183001;0.372107;0.42623;
0.814679;0.4551;0.692302;0.523522;0.391699;0.666651;
0.643351;0.950896;0.271458;0.723903;0.944015;0.864591;
0.922713;0.0330968;0.813031;0.920867;0.314183;0.500511;
0.969162;0.275959;0.914656;0.532372;0.631144;0.586145;
0.692851;0.0349279;0.517739;0.00764477;0.117525;0.41445;
0.8477;0.196735;0.157443;0.577173;0.339757;0.309651;
0.281346;0.929351;0.21268;0.00263981;0.457984;0.377218;
0.185214;0.431968;0.1561;0.327047;0.476112;0.253864;
0.344457;0.685084;0.80412;0.624598;0.491798;0.857572;
0.387976;0.200397;0.566873;0.750759;0.946456;0.13753;
0.0384222;0.770901;0.698283;0.0922408;0.875227;0.824247;
0.362219;0.220783;0.545998;0.317037;0.157015;0.1794;
0.019501;0.155535;0.801434;0.124346;0.764508;0.745998;
0.514199;0.711879;0.749737;0.994659;0.0140688;0.0982223;
0.443946;0.307759;0.519814;0.939666;0.8159;0.591577;
0.750164;0.392416;0.334325;0.252338;0.923873;0.112749;
0.968002;0.196307;0.759686;0.256916;0.185641;0.82974;
0.476356;0.481163;0.956039;0.058854;0.792645;0.941741;
0.747906;0.289937;0.927291;0.294881;0.530007;0.429221;
0.599039;0.696864;0.771099;0.882963;0.0266423;0.803922;
0.439918;0.557397;0.928878;0.772305;0.00521859;0.858793;
0.524453;0.258259;0.435767;0.693385;0.532143;0.418051;
0.20029;0.46743;0.170687;0.907927;0.267552;0.0871748;
0.158846;0.884123;0.106294;0.958892;0.715373;0.00288396;
0.685283;0.9888;0.558999;0.420493;0.473243;0.583154;
0.908492;0.793179;0.438941;0.648219;0.482582;0.27718;
0.0511177;0.590234;0.500038;0.528771;0.278538;0.31545;
0.679606;0.704189;0.589944;0.230121;0.240024;0.459678;
0.954086;0.240497;0.900069;0.951507;0.839704;0.752834;
0.878462;0.835904;0.215549;0.673365;0.893965;0.269123;
0.550393;0.408347;0.165316;0.907439;0.81297;0.864042;
0.411292;0.907073;0.472023;0.446677;0.850629;0.924285;
0.496315;0.0625162;0.20206;0.115312;0.354589;0.117815;
0.684367;0.136431;0.0155947;0.518822;0.0162661;0.143877;
0.948104;0.671778;0.416541;0.793912;0.120821;0.482933;
0.603922;0.242756;0.002533;0.358541;0.797162;0.146685;
0.56199;0.204852;0.715007;0.661952;0.267918;0.428122;
0.576211;0.444785;0.0890822;0.9346;0.0995193;0.651453;
0.49424;0.13051;0.5037;0.938201;0.452125;0.922148;
0.507485;0.461265;0.431495;0.715724;0.329625;0.876921;
0.401099;0.417502;0.688884;0.34139;0.829694;0.433738;
0.803998;0.510948;0.686015;0.67068;0.393713;0.541833;
0.438819;0.534569;0.676799;0.0902876;0.0568551;0.93167;
0.371984;0.312581;0.00888075;0.268208;0.698039;0.864958;
0.263645;0.450462;0.373693;0.903655;0.289891;0.884672;
0.617716;0.0849165;0.0563668;0.477073;0.148836;0.565026;
0.0318303;0.633936;0.185824;0.000198367;0.185031;0.261494;
0.447425;0.546715;0.984726;0.766018;0.152377;0.860807;
0.399634;0.053727;0.01944;0.0987106;0.898543;0.530907;
0.267369;0.916716;0.450172;0.103777;0.614908;0.471031;
0.523293;0.178607;0.280797;0.417929;0.0866407;0.661646;
0.98381;0.913664;0.608988;0.959136;0.942672;0.614466;
0.0590524;0.977325;0.876143;0.6766;0.905623;0.122454;
0.00296025;0.756313;0.117403;0.300801;0.0419013;0.00984207;
0.16318;0.918608;0.211704;0.0934615;0.0116884;0.882109;
0.231113;0.163409;0.131685;0.597559;0.318883;0.875944;
0.49192;0.971221;0.193759;0.387289;0.561135;0.409323;
0.0744945;0.353719;0.30808;0.818143;0.67985;0.931487;
0.201511;0.603906;0.22855;0.776822;0.210178;0.672877;
0.439368;0.0459754;0.802838;0.431296;0.531044;0.395224;
0.948226;0.785428;0.222324;0.980804;0.115084;0.141497;
0.731975;0.458946;0.27219;0.405783;0.778729;0.985931;
0.888289;0.984527;0.581338;0.217975;0.932113;0.783963;
0.858564;0.31136;0.872419;0.210346;0.829145;0.922332;
0.677958;0.16994;0.211826;0.207111;0.817487;0.068986;
0.225376;0.821988;0.259739;0.813748;0.58854;0.923186;
0.473487;0.810452;0.520058;0.166949;0.427466;0.965362;
0.738689;0.70956;0.590433;0.684718;0.463172;0.207233;
0.931136;0.874784;0.412268;0.816251;0.918318;0.941802;
0.80473;0.192828;0.520729;0.79202;0.359289;0.493248;
0.207126;0.831693;0.294713;0.373739;0.946273;0.967071;
0.329747;0.99057;0.206882;0.604395;0.683146;0.999969;
0.957748;0.649928;0.07364;0.55819;0.667582;0.509911;
0.720012;0.321492;0.30515;0.0905928;0.340978;0.446128;
0.339208;0.798245;0.155306;0.588342;0.738506;0.539086;
0.881758;0.904387;0.971786;0.719387;0.739055;0.0504921;
0.0077821;0.24538;0.44596;0.18294;0.315282;0.523339;
0.221225;0.957977;0.86302;0.459495;0.783612;0.531823;
0.119722;0.460105;0.351843;0.560754;0.0541695;0.431418;
0.644694;0.201007;0.135103;0.77969;0.880903;0.108843;
0.331273;0.411154;0.779217;0.440513;0.111421;0.732082;
0.558389;0.852262;0.444312;0.648707;0.937179;0.500328;
0.798688;0.567285;0.13431;0.0409705;0.143282;0.394064;
0.868574;0.630457;0.946883;0.535302;0.358679;0.925017;
0.178195;0.897246;0.3234;0.0808881;0.306004;0.886137;
0.981491;0.75436;0.299046;0.408225;0.051667;0.10164;
0.626078;0.86978;0.752728;0.779019;0.255833;0.17702;
0.803388;0.942718;0.657084;0.736233;0.4224;0.248981;
0.798566;0.453635;0.328527;0.854093;0.14902;0.7355;
0.74052;0.414267;0.677226;0.48806;0.377111;0.085771;
0.851911;0.117571;0.457069;0.524865;0.641825;0.530297;
0.699138;0.887785;0.515724;0.132464;0.322057;0.830777;
0.442359;0.83035;0.0445869;0.510094;0.890486;0.0301671;
0.085481;0.581994;0.82884;0.638209;0.163485;0.202716;
0.726177;0.0606851;0.497353;0.0285191;0.551247;0.203876;
0.805829;0.215656;0.772808;0.474022;0.307652;0.420371;
0.359594;0.777371;0.721599;0.798917;0.780377;0.520165;
0.266392;0.0075227;0.00387579;0.608667;0.660807;0.202472;
0.498878;0.449119;0.123568;0.0399939;0.234104;0.947784;
0.373449;0.676356;0.678325;0.510887;0.629191;0.767788;
0.800275;0.0446937;0.609537;0.470542;0.0686961;0.955474;
0.533242;0.440879;0.452369;0.149432;0.119051;0.83505;
0.42002;0.0328527;0.585733;0.309285;0.940414;0.511986;
0.652018;0.019852;0.482277;0.993072;0.53666;0.623011;
0.014374;0.382345;0.958419;0.274983;0.00546273;0.0860761;
0.136019;0.632044;0.424292;0.0105135;0.788251;0.850431;
0.739605;0.561913;0.133822;0.586389;0.92015;0.646509;
0.891524;0.996185;0.434668;0.670558;0.280064;0.736049;
0.251926;0.540307;0.0182193;0.962249;0.840681;0.662013;
0.324743;0.331014;0.16965;0.941924;0.918379;0.998627;
0.707622;0.786282;0.0178531;0.621302;0.423316;0.101335;
0.341955;0.355306;0.785504;0.293355;0.109407;0.856901;
0.762921;0.268574;0.0389715;0.282307;0.824323;0.433249;
0.349401;0.2878;0.93846;0.693629;0.759442;0.0296178;
0.574075;0.455955;0.487831;0.164019;0.699931;0.62649;
0.25333;0.847257;0.784771;0.611475;0.274693;0.735561;
0.797345;0.317159;0.270665;0.985199;0.206394;0.149798;
0.459998;0.252399;0.980697;0.0156405;0.56144;0.693446;
0.588968;0.320943;0.793744;0.964569;0.999985;0.971954;
0.875654;0.222004;0.682475;0.374899;0.0259098;0.122026;
0.605203;0.436057;0.963302;0.82089;0.236912;0.561669;
0.906538;0.974823;0.546365;0.657984;0.57438;0.740078;
0.00228885;0.131243;0.18558;0.772915;0.573465;0.887724;
0.4589;0.229572;0.728618;0.333639;0.613077;0.766323;
0.4365;0.375265;0.366857;0.539391;0.165866;0.418845;
0.93901;0.205035;0.885481;0.370626;0.048249;0.919524;
0.0640574;0.636866;0.913375;0.339071;0.67039;0.123796;
0.253086;0.619959;0.17319;0.23769;0.286168;0.418418;
0.541238;0.884794;0.731365;0.890715;0.243259;0.471336;
0.807416;0.69308;0.24802;0.903593;0.233066;0.981781;
0.0242618;0.587793;0.227085;0.413046;0.540749;0.430198;
0.508217;0.143145;0.266209;0.837064;0.295201;0.828336;
0.169406;0.714626;0.306798;0.624842;0.719097;0.469139;
0.761761;0.188922;0.884016;0.0068513;0.37882;0.676844;
0.132906;0.734035;0.376745;0.744839;0.434546;0.556909;
0.474281;0.549157;0.257664;0.881743;0.890181;0.746059;
0.571023;0.614771;0.343175;0.491783;0.843366;0.162249;
0.0520333;0.442588;0.0434272;0.430442;0.735515;0.754726;
0.639994;0.825589;0.612345;0.0844282;0.601785;0.253925;
0.401282;0.587976;0.397559;0.121721;0.32108;0.921599;
0.996078;0.335225;0.090486;0.241535;0.866072;0.300679;
0.928267;0.204059;0.976303;0.924346;0.55314;0.965423;
0.795514;0.612451;0.183871;0.181842;0.292454;0.27126;
0.539223;0.00959792;0.935897;0.307027;0.837934;0.104936;
0.69456;0.626001;0.798749;0.624109;0.0372015;0.634424;
0.640421;0.223346;0.932601;0.238544;0.0816968;0.0589151;
0.84947;0.844633;0.341344;0.787076;0.756573;0.358907;
0.138094;0.56405;0.122652;0.18764;0.690715;0.0460975;
0.916487;0.237079;0.717937;0.389487;0.60679;0.913481;
0.438514;0.250446;0.162325;0.123064;0.571206;0.785245;
0.0518502;0.272114;0.334752;0.650111;0.244114;0.266865;
0.447913;0.00129702;0.207858;0.513573;0.129427;0.495079;
0.911849;0.918486;0.0980545;0.287678;0.824811;0.887846;
0.572549;0.0353552;0.915511;0.327901;0.271641;0.894377;
0.652689;0.644923;0.414099;0.520958;0.00509651;0.745144;
0.718669;0.0713664;0.441505;0.0348058;0.404089;0.201862;
0.930648;0.420188;0.18912;0.0686809;0.941268;0.307515;
0.292515;0.328084;0.442115;0.603052;0.433021;0.136309;
0.901961;0.713039;0.829389;0.149615;0.289525;0.543725;
0.200351;0.524254;0.073579;0.501366;0.764691;0.916472;
0.222873;0.49221;0.241123;0.482506;0.206149;0.922515;
0.848432;0.87863;0.992172;0.698512;0.305333;0.261067;
0.0496529;0.226459;0.83061;0.286091;0.347387;0.412619;
0.142977;0.109941;0.354101;0.663233;0.461219;0.388876;
0.0385443;0.88455;0.504067;0.279133;0.86949;0.482811;
0.490272;0.436973;0.815656;0.364279;0.138582;0.0186313;
0.3458;0.93521;0.667765;0.680385;0.428687;0.101823;
0.796551;0.578454;0.533059;0.270405;0.743694;0.3691;
0.627665;0.347189;0.227939;0.208576;0.181247;0.73843;
0.468055;0.75314;0.16257;0.350362;0.182773;0.159014;
0.0403754;0.589258;0.59086;0.082475;0.783429;0.361349;
0.411048;0.679774;0.860456;0.0728923;0.862104;0.607141;
0.240208;0.630152;0.66276;0.0208286;0.391455;0.439353;
0.0317693;0.577111;0.282933;0.40676;0.687907;0.432212;
0.383398;0.938628;0.849897;0.24239;0.661601;0.941192;
0.236484;0.163897;0.586282;0.820706;0.0664378;0.852995;
0.126192;0.483421;0.0585031;0.465904;0.750103;0.335592;
0.431434;0.6589;0.426734;0.283467;0.903975;0.58822;
0.624857;0.733303;0.694865;0.910124;0.313207;0.591333;
0.522866;0.78085;0.960555;0.263813;0.606729;0.856657;
0.535622;0.657008;0.665202;0.293782;0.507179;0.177142;
0.917037;0.748501;0.843977;0.730495;0.0809644;0.377035;
0.0147402;0.723293;0.375769;0.83566;0.988266;0.0617838;
0.52018;0.280598;0.233249;0.152239;0.732952;0.368124;
0.718486;0.900908;0.73283;0.254475;0.912703;0.714015;
0.738567;0.595911;0.784649;0.497826;0.46891;0.548669;
0.803082;0.658595;0.142611;0.769009;0.936751;0.102556;
0.478431;0.413169;0.654398;0.235981;0.695109;0.137407;
0.924788;0.965118;0.511391;0.0979782;0.216648;0.696193;
0.146029;0.951141;0.498756;0.33547;0.317784;0.853117;
0.239841;0.289204;0.245396;0.460166;0.408667;0.463645;
0.647623;0.928557;0.473976;0.265034;0.743206;0.914519;
0.404517;0.599634;0.250889;0.574304;0.669047;0.873686;
0.389441;0.564172;0.236301;0.993439;0.877607;0.0403601;
0.575051;0.365133;0.934127;0.659144;0.654032;0.895048;
0.277745;0.576745;0.942;0.98941;0.12723;0.449424;
0.407691;0.554467;0.201328;0.433433;0.519875;0.99649;
0.718791;0.185016;0.247288;0.221698;0.398352;0.860441;
0.0586862;0.636378;0.458778;0.115923;0.922835;0.146746;
0.618814;0.107744;0.308446;0.159075;0.0972;0.492149;
0.184298;0.579614;0.612711;0.425376;0.0191348;0.814603;
0.38407;0.563684;0.78172;0.770291;0.130037;0.0633097;
0.94078;0.852934;0.0693675;0.580529;0.465064;0.96878;
0.920821;0.271565;0.823346;0.524071;0.90312;0.792691;
0.98436;0.425071;0.735027;0.30013;0.416846;0.0780194;
0.635294;0.450156;0.0895705;0.389181;0.322667;0.399008;
0.47129;0.764797;0.0158999;0.802945;0.530739;0.111101;
0.433753;0.818204;0.736675;0.834379;0.794965;0.10103;
0.0578317;0.840848;0.81828;0.807706;0.962997;0.536767;
0.722454;0.594446;0.420874;0.828397;0.22623;0.617517;
0.900252;0.121965;0.548379;0.533165;0.369848;0.323751;
0.40763;0.497642;0.298436;0.839994;0.0227359;0.167193;
0.654765;0.576928;0.112459;0.698085;0.907576;0.940826;
0.895552;0.746548;0.0256046;0.837919;0.0907301;0.468833;
0.477638;0.674464;0.916793;0.521202;0.232395;0.35671;
0.0924392;0.0598917;0.758648;0.290913;0.836469;0.741176;
0.0251164;0.383322;0.867597;0.721279;0.500587;0.040177;
0.404578;0.656458;0.15378;0.167742;0.166171;0.702968;
0.453468;0.172259;0.37113;0.517052;0.368383;0.959991;
0.738201;0.254963;0.367285;0.937163;0.486122;0.572961;
0.418921;0.0100252;0.333654;0.627283;0.99205;0.584863;
0.49955;0.0741741;0.0553902;0.567895;0.702556;0.0699016;
0.0777295;0.365377;0.16141;0.27071;0.0278019;0.883574;
0.594888;0.832853;0.374365;0.52871;0.221714;0.412558;
0.0861524;0.20705;0.760662;0.166094;0.631937;0.324849;
0.430457;0.749722;0.980453;0.788357;0.949874;0.319661;
0.600443;0.0037995;0.537636;0.532189;0.46067;0.87747;
0.91252;0.543542;0.0298772;0.815579;0.293248;0.00996414;
0.276829;0.724392;0.398596;0.0877241;0.670268;0.0101472;
0.447303;0.433066;0.178927;0.579126;0.158114;0.202228;
0.27158;0.837552;0.749798;0.0514687;0.916976;0.691676;
0.941085;0.137041;0.583841;0.547753;0.950729;0.11519;
0.24094;0.312032;0.497475;0.142168;0.357031;0.390768;
0.800092;0.874235;0.900862;0.690211;0.57731;0.467613;
0.341161;0.616602;0.0478828;0.578576;0.646708;0.0761883;
0.930587;0.363363;0.286229;0.475242;0.444129;0.478233;
0.228489;0.719997;0.307286;0.0794232;0.942245;0.216693;
0.738811;0.823209;0.396216;0.871611;0.457435;0.865812;
0.0591745;0.090959;0.681926;0.863493;0.899886;0.781033;
0.131014;0.972503;0.38706;0.348043;0.0234684;0.849088;
0.489479;0.698268;0.0780346;0.6495;0.675883;0.237934;
0.513466;0.029984;0.915023;0.87332;0.0484932;0.146807;
0.675639;0.0106355;0.9019;0.656214;0.926497;0.556176;
0.792401;0.714443;0.136324;0.916167;0.938766;0.977752;
0.273899;0.996857;0.0597238;0.60238;0.807965;0.204486;
0.37406;0.244587;0.707256;0.445335;0.600504;0.0606241;
0.440528;0.125628;0.957809;0.706752;0.976547;0.151629;
0.164706;0.339193;0.784039;0.929595;0.439979;0.614221;
0.831769;0.365743;0.502358;0.688075;0.588479;0.866361;
0.570596;0.216999;0.0229191;0.337667;0.363439;0.357259;
0.603861;0.185931;0.0996414;0.765103;0.300023;0.317403;
0.497963;0.596765;0.580179;0.138323;0.777142;0.508507;
0.413062;0.554955;0.655924;0.65658;0.26743;0.973541;
0.353063;0.69723;0.112032;0.300313;0.58732;0.786709;
0.415625;0.941558;0.577432;0.581262;0.146944;0.803494;
0.0421454;0.23714;0.774762;0.292378;0.200229;0.410605;
0.267796;0.314473;0.770428;0.257893;0.0948196;0.27602;
0.971481;0.435264;0.224582;0.0832685;0.522133;0.0989548;
0.125826;0.142473;0.641154;0.905241;0.767315;0.359884;
0.0472724;0.0103304;0.617777;0.141741;0.959274;0.0705119;
0.645975;0.394308;0.0958572;0.242023;0.320653;0.523827;
0.675822;0.181109;0.610575;0.436545;0.417884;0.0440223;
0.984482;0.53872;0.54081;0.487022;0.411109;0.736599;
0.763348;0.666346;0.359228;0.436423;0.304234;0.238239;
0.797589;0.544457;0.882246;0.358968;0.194919;0.466941;
0.716106;0.684779;0.519997;0.110124;0.524575;0.371908;
0.24155;0.880278;0.526406;0.0766155;0.328344;0.683619;
0.440345;0.955169;0.249119;0.926421;0.485145;0.663783;
0.972641;0.514916;0.379553;0.358724;0.967636;0.855375;
0.342321;0.696254;0.202853;0.854032;0.092195;0.832609;
0.147066;0.917144;0.847944;0.424033;0.769024;0.950958;
0.328283;0.626795;0.537453;0.361715;0.751995;0.0971237;
0.421118;0.0556802;0.837812;0.991302;0.888777;0.439109;
0.804486;0.965545;0.909163;0.418235;0.370764;0.176104;
0.951034;0.399313;0.755413;0.279255;0.983139;0.288594;
0.677165;0.431235;0.47422;0.492332;0.354772;0.288289;
0.393042;0.916777;0.506996;0.00666819;0.208347;0.96817;
0.352575;0.242634;0.888899;0.552758;0.610269;0.152422;
0.903426;0.0767987;0.498817;0.392294;0.220676;0.446555;
0.73698;0.118486;0.309422;0.0682536;0.543496;0.987274;
0.138399;0.848173;0.637125;0.154864;0.176364;0.192523;
0.236606;0.277546;0.392065;0.00758373;0.0607004;0.511559;
0.254246;0.699611;0.328161;0.513146;0.73167;0.174823;
0.757733;0.43856;0.293065;0.839506;0.568154;0.94406;
0.90721;0.599878;0.478187;0.18587;0.0428168;0.862211;
0.706584;0.820279;0.668681;0.532738;0.972091;0.00349432;
0.253513;0.0177157;0.493446;0.391806;0.766094;0.223407;
0.989425;0.141436;0.675151;0.556054;0.678752;0.908659;
0.949447;0.921904;0.280186;0.849699;0.0577096;0.727199;
0.0124819;0.620813;0.968734;0.878202;0.5944;0.378256;
0.151217;0.781155;0.244663;0.778286;0.573953;0.342306;
0.682048;0.977142;0.705669;0.967926;0.125277;0.631067;
0.515114;0.564233;0.293126;0.89633;0.471046;0.537499;
0.404334;0.42916;0.542214;0.793973;0.177646;0.385824;
0.19736;0.739895;0.83183;0.422568;0.405249;0.281514;
0.0856031;0.695644;0.634623;0.825101;0.157748;0.861295;
0.854231;0.276875;0.76701;0.075761;0.532815;0.0431067;
0.132113;0.995331;0.639139;0.030045;0.971847;0.776211;
0.641947;0.643946;0.504921;0.0746624;0.509987;0.791043;
0.450111;0.046952;0.712016;0.877592;0.026154;0.349325;
0.21677;0.809842;0.951827;0.138018;0.493019;0.994049;
0.445838;0.0692912;0.509499;0.336446;0.226963;0.299397;
0.734966;0.243305;0.513954;0.484581;0.138155;0.620874;
0.0255436;0.781094;0.187839;0.875395;0.980514;0.845182;
0.852766;0.913115;0.0975662;0.833097;0.601663;0.140276;
0.595499;0.401083;0.403296;0.463157;0.193027;0.705409;
0.726421;0.287984;0.108919;0.402304;0.539773;0.521019;
0.0619211;0.648035;0.312108;0.568505;0.270787;0.0988327;
0.0121767;0.33669;0.454261;0.910979;0.108736;0.23183;
0.831098;0.740688;0.570535;0.160174;0.120027;0.744228;
0.866316;0.527977;0.539834;0.577844;0.964828;0.241474;
0.809247;0.397787;0.334813;0.706935;0.147005;0.860319;
0.945052;0.830594;0.271885;0.12166;0.264256;0.0186923;
0.402625;0.838102;0.261204;0.177508;0.257969;0.16585;
0.404639;0.713283;0.056672;0.761196;0.66331;0.53225;
0.517494;0.780362;0.505959;0.0406653;0.859174;0.879606;
0.90135;0.144793;0.800458;0.215167;0.318212;0.250874;
0.560098;0.44332;0.725322;0.265156;0.856855;0.720302;
0.591409;0.593896;0.909468;0.702358;0.885237;0.143328;
0.436683;0.545739;0.0755322;0.319722;0.657267;0.906706;
0.131075;0.0293126;0.289952;0.941497;0.520607;0.67837;
0.553506;0.306355;0.212863;0.173114;0.166659;0.157549;
0.676616;0.919829;0.34818;0.151324;0.880598;0.824735;
0.816815;0.443931;0.293553;0.294087;0.791302;0.691615;
0.88426;0.23415;0.990402;0.0506142;0.121431;0.0511635;
0.632853;0.177203;0.973861;0.651392;0.437415;0.227619;
0.910262;0.441062;0.622843;0.858122;0.899397;0.326436;
0.907881;0.224933;0.41001;0.713771;0.511269;0.984344;
0.410864;0.5093;0.151766;0.292561;0.370703;0.11928;
0.048127;0.805875;0.258274;0.449973;0.919112;0.680507;
0.542336;0.907622;0.983444;0.572717;0.191623;0.398459;
0.959884;0.638758;0.674907;0.328756;0.0671702;0.534874;
0.960922;0.604761;0.0240787;0.417319;0.51841;0.632715;
0.0493477;0.942351;0.316136;0.318868;0.861738;0.266194;
0.822858;0.0694743;0.679973;0.0451209;0.00729381;0.790799;
0.222812;0.435386;0.338231;0.889067;0.709026;0.0932174;
0.784405;0.270527;0.857343;0.174884;0.814557;0.341451;
0.886519;0.336629;0.397436;0.00807202;0.515297;0.734707;
0.00180056;0.676661;0.962448;0.0253452;0.596414;0.253437;
0.9467;0.364828;0.650004;0.144671;0.686809;0.409384;
0.131319;0.256611;0.901534;0.315267;0.509133;0.995514;
0.809613;0.738735;0.752178;0.267597;0.129793;0.836027;
0.329198;0.479149;0.0808423;0.263386;0.208957;0.5364;
0.381506;0.177081;0.860212;0.845609;0.250523;0.233356;
0.251682;0.313008;0.406653;0.588464;0.852155;0.344869;
0.0686351;0.89865;0.63035;0.84744;0.955245;0.32015;
0.055024;0.226947;0.285191;0.509239;0.0949416;0.38967;
0.777264;0.622156;0.218845;0.741848;0.650187;0.315145;
0.395483;0.189715;0.622721;0.744472;0.0935988;0.139544;
0.913619;0.566369;0.281956;0.497581;0.241611;0.937102;
0.429297;0.670069;0.825483;0.512902;0.504372;0.563256;
0.383948;0.450034;0.975937;0.583398;0.135775;0.404746;
0.812726;0.636744;0.799725;0.533288;0.483497;0.129534;
0.594522;0.491905;0.957015;0.968048;0.238926;0.436851;
0.702007;0.558495;0.951705;0.0243687;0.687236;0.807156;
0.451575;0.410727;0.381445;0.120256;0.957321;0.252155;
0.753399;0.404074;0.187655;0.704921;0.271824;0.0648356;
0.361364;0.425254;0.905501;0.00880446;0.197177;0.569421;
0.12314;0.642237;0.913863;0.793668;0.893538;0.871366;
0.230137;0.254231;0.685405;0.102434;0.364782;0.607385;
0.467506;0.241718;0.0365301;0.00935378;0.708598;0.69546;
0.464149;0.116411;0.377417;0.369894;0.366369;0.0847944;
0.942733;0.67129;0.961959;0.570764;0.373266;0.505882;
0.96965;0.730556;0.137789;0.279927;0.608194;0.220417;
0.205051;0.899687;0.596353;0.196612;0.0437934;0.771389;
0.152865;0.315389;0.622782;0.801297;0.996506;0.732998;
0.410742;0.395651;0.345983;0.105669;0.37644;0.460716;
0.920089;0.589685;0.988632;0.402731;0.937545;0.841276;
0.216037;0.127947;0.117098;0.0166781;0.527443;0.0426184;
0.677531;0.772183;0.891585;0.0529946;0.33756;0.263996;
0.777203;0.565332;0.315953;0.148394;0.153048;0.485863;
0.331456;0.581628;0.487892;0.220844;0.602823;0.219928;
0.750469;0.676539;0.848798;0.219562;0.409522;0.259174;
0.288121;0.236774;0.433814;0.875029;0.639567;0.427817;
0.292088;0.930327;0.121859;0.448936;0.953109;0.331319;
0.453773;0.456382;0.885603;0.484276;0.854047;0.106401;
0.05832;0.29543;0.041413;0.555261;0.940047;0.171038;
0.234653;0.45919;0.499489;0.0173495;0.152499;0.974456;
0.205417;0.24062;0.0137026;0.75729;0.0265812;0.747097;
0.537026;0.963958;0.431739;0.943023;0.941207;0.25069;
0.389624;0.734646;0.944991;0.77377;0.368994;0.528222;
0.767132;0.18941;0.338598;0.229999;0.126375;0.653895;
0.767193;0.246235;0.241489;0.823453;0.623514;0.483177;
0.83122;0.854337;0.376318;0.347066;0.11429;0.402792;
0.994369;0.744167;0.809491;0.625086;0.946395;0.080705;
0.135531;0.177447;0.201144;0.262959;0.8112;0.216144;
0.22739;0.697169;0.0552071;0.397421;0.993881;0.28957;
0.586343;0.877531;0.969345;0.446433;0.623331;0.312703;
0.12253;0.073991;0.884932;0.85922;0.922225;0.578515;
0.589883;0.173297;0.337133;0.866239;0.456947;0.411215;
0.836042;0.343404;0.704875;0.229206;0.387671;0.916289;
0.0523995;0.783536;0.460792;0.991119;0.718303;0.730434;
0.0241398;0.474144;0.421302;0.226154;0.546487;0.771633;
0.380163;0.92697;0.996567;0.789822;0.313634;0.989105;
0.843122;0.934966;0.440467;0.0688029;0.054902;0.113298;
0.479408;0.322347;0.100679;0.731106;0.64921;0.405966;
0.949203;0.694606;0.66862;0.475914;0.0691844;0.410056;
0.75639;0.188434;0.429419;0.783719;0.631266;0.699794;
0.498634;0.22182;0.512001;0.666224;0.245579;0.63064;
0.117342;0.243977;0.13901;0.416403;0.666056;0.0893111;
0.147677;0.485374;0.876875;0.35848;0.740337;0.243793;
0.968551;0.707729;0.885725;0.597925;0.659831;0.293294;
0.0525826;0.954009;0.169467;0.77145;0.209689;0.21828;
0.21622;0.298421;0.825788;0.797024;0.0188296;0.53048;
0.869612;0.59646;0.296056;0.623865;0.809918;0.0228428;
0.266636;0.234821;0.615457;0.982452;0.649332;0.519615;
0.754986;0.881498;0.662882;0.134478;0.197238;0.626246;
0.0260319;0.235676;0.410986;0.62295;0.957565;0.479454;
0.364965;0.777859;0.176181;0.0220493;0.527932;0.497215;
0.900679;0.519738;0.868635;0.687282;0.849775;0.12874;
0.855818;0.754299;0.242222;0.505333;0.458228;0.604517;
0.796796;0.805753;0.144625;0.64419;0.732219;0.686244;
0.883772;0.779568;0.767254;0.303059;0.144381;0.416892;
0.120638;0.312459;0.895247;0.462425;0.511147;0.870695;
0.605081;0.322408;0.157504;0.633997;0.242649;0.903105;
0.778485;0.758633;0.276707;0.610742;0.592813;0.900847;
0.676005;0.351583;0.319249;0.216876;0.909285;0.531884;
0.176547;0.362997;0.945296;0.0578775;0.883467;0.495445;
0.252781;0.335836;0.658732;0.270466;0.800519;0.271992;
0.221103;0.844327;0.0572213;0.272602;0.789349;0.873259;
0.991684;0.243915;0.0821851;0.513512;0.0726024;0.592187;
0.318395;0.421347;0.268772;0.223651;0.216709;0.753017;
0.0489204;0.544579;0.995895;0.164752;0.381811;0.461204;
0.37467;0.812833;0.736187;0.379782;0.571817;0.353475;
0.0807813;0.206561;0.306065;0.942962;0.884382;0.347799;
0.796185;0.237507;0.115694;0.709743;0.760906;0.393393;
0.243503;0.698634;0.418982;0.0668498;0.236545;0.220722;
0.489174;0.414145;0.563577;0.682277;0.190219;0.0915084;
0.193332;0.989532;0.240879;0.255207;0.594583;0.54873;
0.859907;0.561486;0.736065;0.266133;0.766033;0.166583;
0.0865187;0.547997;0.178012;0.726772;0.614725;0.300557;
0.814618;0.398276;0.78941;0.930083;0.894575;0.837369;
0.579324;0.342794;0.136629;0.200275;0.453223;0.944976;
0.759564;0.143267;0.379858;0.642847;0.482094;0.822599;
0.827985;0.842679;0.522988;0.894499;0.766339;0.450706;
0.600992;0.515221;0.663676;0.873198;0.934859;0.341024;
0.488746;0.0163729;0.24332;0.528161;0.710307;0.286519;
0.745159;0.732876;0.297093;0.589868;0.159091;0.111406;
0.717876;0.332662;0.703899;0.320027;0.94139;0.421164;
0.0982986;0.514977;0.436378;0.261616;0.561074;0.352499;
0.171603;0.760281;0.810956;0.988861;0.615824;0.323384;
0.0666819;0.0802777;0.737774;0.857206;0.0470283;0.783047;
0.00619516;0.767971;0.970748;0.753384;0.389868;0.961944;
0.556558;0.147539;0.357519;0.845365;0.0232242;0.62179;
0.877913;0.324483;0.0895094;0.332357;0.419776;0.80557;
0.974166;0.935515;0.951888;0.194842;0.395911;0.587488;
0.942977;0.898589;0.573526;0.944549;0.361791;0.823026;
0.225742;0.162921;0.677104;0.374411;0.571328;0.898894;
0.857649;0.459007;0.329015;0.308675;0.372168;0.483055;
0.717571;0.0485389;0.189425;0.352804;0.455726;0.274739;
0.77818;0.47451;0.762249;0.643519;0.107149;0.754421;
0.355871;0.311116;0.645121;0.598779;0.45536;0.933806;
0.360815;0.913848;0.779461;0.667811;0.723003;0.105852;
0.546914;0.16939;0.70042;0.0810712;0.476478;0.594812;
0.761822;0.245747;0.786908;0.600305;0.875959;0.506126;
0.196933;0.342123;0.511574;0.268452;0.925338;0.476524;
0.63743;0.438987;0.690837;0.159747;0.722271;0.423972;
0.7122;0.0480507;0.734844;0.129656;0.708171;0.297688;
0.143893;0.96231;0.897505;0.564904;0.918196;0.828153;
0.998947;0.00593576;0.526467;0.13344;0.231235;0.277058;
0.937484;0.784451;0.313146;0.534508;0.619974;0.187396;
0.463416;0.434531;0.542702;0.248554;0.400793;0.133379;
0.174411;0.374166;0.34403;0.287312;0.483864;0.470481;
0.0118715;0.0525673;0.939803;0.943755;0.623087;0.0854047;
0.510964;0.700221;0.896407;0.542077;0.666117;0.146136;
0.0505684;0.0788128;0.373999;0.187762;0.804364;0.851896;
0.103365;0.231342;0.376501;0.51754;0.82298;0.183124;
0.485756;0.232013;0.00155642;0.449363;0.350866;0.651575;
0.607889;0.936309;0.690593;0.932464;0.110689;0.0501869;
0.723674;0.730922;0.478737;0.697292;0.168856;0.203204;
0.180758;0.283833;0.244907;0.00556954;0.185519;0.716091;
0.670573;0.29427;0.961776;0.40029;0.664591;0.725551;
0.478248;0.242695;0.945724;0.45565;0.203708;0.649561;
0.732708;0.140826;0.106905;0.527123;0.744305;0.937346;
0.656596;0.281636;0.199252;0.501427;0.821515;0.819364;
0.816327;0.989349;0.0704051;0.546532;0.814252;0.0573281;
0.372045;0.369406;0.911788;0.861662;0.195163;0.69424;
0.327672;0.0585489;0.508522;0.427268;0.780682;0.804288;
0.780865;0.974762;0.48954;0.755093;0.980941;0.242939;
0.173007;0.067216;0.577493;0.638087;0.049836;0.396933;
0.539284;0.0664225;0.838788;0.900481;0.335058;0.934234;
0.758587;0.234089;0.933577;0.147723;0.527993;0.55404;
0.803571;0.113176;0.365759;0.516564;0.913802;0.736843;
0.990646;0.277913;0.733013;0.424949;0.621378;0.494347;
0.229953;0.0837568;0.97673;0.322103;0.873396;0.119524;
0.275425;0.417441;0.632059;0.438499;0.23624;0.936614;
0.974716;0.446921;0.0779126;0.535851;0.8701;0.0510414;
0.519203;0.37142;0.786969;0.65713;0.778851;0.0995651;
0.694072;0.171405;0.575601;0.876555;0.0601511;0.000137331;
0.128206;0.358602;0.853986;0.0495766;0.155428;0.701991;
0.544289;0.725978;0.87602;0.562951;0.0998245;0.935576;
0.00869764;0.097734;0.989364;0.0846113;0.772259;0.962615;
0.181613;0.0793622;0.88542;0.313802;0.145357;0.32607;
0.566934;0.807584;0.849348;0.730983;0.535561;0.600183;
0.76231;0.700343;0.0100404;0.34786;0.85301;0.140398;
0.709148;0.206867;0.590188;0.45742;0.851606;0.833463;
0.942611;0.557641;0.156161;0.383871;0.379004;0.847318;
0.841596;0.514366;0.868147;0.232685;0.626627;0.381186;
0.878767;0.120012;0.730022;0.640589;0.379614;0.415549;
0.870527;0.448814;0.83946;0.525536;0.26688;0.462119;
0.227024;0.356222;0.637858;0.836759;0.011078;0.313863;
0.202182;0.228962;0.160372;0.304707;0.67863;0.79501;
0.143648;0.735012;0.285924;0.191119;0.929671;0.511009;
0.74284;0.573571;0.987167;0.0389563;0.268101;0.598596;
0.284886;0.225116;0.580484;0.422446;0.2916;0.475731;
0.898726;0.701381;0.976059;0.697047;0.941573;0.591638;
0.806989;0.295308;0.927779;0.749477;0.753155;0.176776;
0.576089;0.331136;0.283299;0.747707;0.105257;0.992889;
0.366186;0.914336;0.234043;0.890959;0.470558;0.0829023;
0.181186;0.681605;0.565164;0.159686;0.665446;0.52108;
0.118746;0.550927;0.905562;0.0656291;0.100069;0.16286;
0.620279;0.471519;0.97789;0.401755;0.0283513;0.39498;
0.720928;0.173846;0.848554;0.992279;0.797955;0.885405;
0.299596;0.919646;0.177707;0.442649;0.100252;0.333333;
0.328954;0.25185;0.469276;0.889616;0.220432;0.219257;
0.125399;0.744717;0.320897;0.751125;0.287388;0.554894;
0.5991;0.753689;0.673991;0.476402;0.523781;0.633204;
0.503944;0.165484;0.0636912;0.295918;0.49601;0.778408;
0.687602;0.148089;0.86894;0.971405;0.364233;0.095964;
0.341466;0.900725;0.562356;0.5458;0.132357;0.222614;
0.250706;0.40383;0.960372;0.0933394;0.898054;0.0763104;
0.0442206;0.169146;0.473121;0.469505;0.102693;0.606287;
0.444678;0.989654;0.354528;0.0609903;0.781476;0.542992;
0.518471;0.68954;0.952255;0.53579;0.813275;0.14815;
0.925765;0.874296;0.957687;0.593103;0.170748;0.964752;
0.170443;0.680629;0.655985;0.713405;0.170321;0.566979;
0.850202;0.526513;0.176059;0.908415;0.722148;0.310323;
0.906416;0.861173;0.740581;0.471092;0.580117;0.0814984;
0.87425;0.915068;0.915938;0.725673;0.591897;0.0484779;
0.132601;0.449912;0.862287;0.777615;0.948898;0.410483;
0.154147;0.50869;0.583536;0.26363;0.436255;0.147967;
0.755291;0.165606;0.17734;0.101701;0.682902;0.772671;
0.346166;0.276143;0.0851148;0.241047;0.411475;0.0775311;
0.180697;0.227008;0.342016;0.412131;0.688396;0.886809;
0.606546;0.686183;0.826947;0.876677;0.1738;0.805936;
0.315099;0.352865;0.512551;0.17763;0.371618;0.971649;
0.591531;0.707546;0.715251;0.88925;0.8795;0.801907;
0.564736;0.761929;0.34519;0.366964;0.638834;0.745937;
0.457374;0.808988;0.156283;0.49752;0.184787;0.0341955;
0.835859;0.17293;0.996201;0.448875;0.896284;0.428428;
0.860334;0.959258;0.0563058;0.420249;0.245945;0.971588;
0.534707;0.804654;0.121798;0.392111;0.0502022;0.737881;
0.956649;0.6271;0.821576;0.876188;0.719219;0.582788;
0.567544;0.375814;0.878279;0.665431;0.506874;0.893034;
0.402564;0.781277;0.358312;0.58407;0.760845;0.336568;
0.340612;0.10518;0.921859;0.237568;0.172519;0.612634;
0.354345;0.890532;0.0727855;0.762661;0.0270695;0.201678;
0.760174;0.711513;0.408789;0.577295;0.453407;0.115435;
0.468238;0.923613;0.87126;0.130694;0.674174;0.646876;
0.232456;0.413535;0.995346;0.653346;0.255772;0.120195;
0.900496;0.349264;0.159945;0.90695;0.358373;0.640894;
0.663737;0.930022;0.837751;0.934478;0.985885;0.84567;
0.307347;0.136248;0.845136;0.810147;0.235935;0.652491;
0.460243;0.479698;0.592264;0.389425;0.549966;0.0105745;
0.845075;0.753323;0.333043;0.0590372;0.963119;0.650416;
0.528237;0.781338;0.415137;0.486961;0.354284;0.833707;
0.169894;0.169207;0.529946;0.372396;0.696147;0.10341;
0.27396;0.053666;0.962631;0.195819;0.305089;0.0337682;
0.438087;0.852689;0.842084;0.968963;0.0912795;0.980255;
0.603677;0.0154574;0.390967;0.984771;0.808637;0.829557;
0.305882;0.772488;0.175692;0.567468;0.304784;0.74966;
0.923629;0.885466;0.35642;0.822538;0.77116;0.939788;
0.929549;0.39736;0.937057;0.386679;0.992905;0.380392;
0.140047;0.382406;0.0152285;0.177874;0.598917;0.583215;
0.965316;0.696071;0.0323796;0.145342;0.311864;0.341207;
0.65922;0.725063;0.0236515;0.0195468;0.198154;0.478599;
0.569436;0.137346;0.867964;0.062211;0.917952;0.600855;
0.387366;0.632166;0.537942;0.816312;0.975143;0.844694;
0.398169;0.689967;0.350011;0.856046;0.967391;0.628077;
0.730755;0.322469;0.214328;0.536889;0.836103;0.400229;
0.607767;0.82266;0.88481;0.745571;0.116426;0.391623;
0.595621;0.514733;0.209079;0.65005;0.187289;0.363973;
0.854475;0.504173;0.378576;0.449546;0.52134;0.36025;
0.38822;0.427695;0.178439;0.124529;0.934981;0.454673;
0.29453;0.203265;0.237583;0.186725;0.838361;0.502708;
0.0148013;0.780117;0.27866;0.429099;0.485389;0.891081;
0.584207;0.888701;0.368078;0.675868;0.223728;0.287739;
0.881636;0.790738;0.165988;0.532494;0.744793;0.391928;
0.879744;0.0291905;0.176303;0.135698;0.333715;0.684108;
0.894942;0.178302;0.996689;0.903471;0.119417;0.175982;
0.837385;0.59353;0.568521;0.284993;0.324559;0.16054;
0.460975;0.161578;0.426978;0.510765;0.515541;0.962005;
0.613382;0.0504311;0.950973;0.342489;0.852522;0.685817;
0.486;0.459312;0.613138;0.823148;0.339391;0.968719;
0.863996;0.368673;0.229892;0.0269322;0.0738231;0.728664;
0.376257;0.290242;0.211398;0.809354;0.49723;0.914885;
0.745464;0.0169833;0.811566;0.557092;0.644755;0.257832;
0.037995;0.373129;0.378027;0.93814;0.3953;0.0192416;
0.914046;0.964141;0.602213;0.651698;0.721538;0.742092;
0.877485;0.926726;0.769268;0.178241;0.939864;0.000564584;
0.525978;0.678859;0.00808728;0.529503;0.960433;0.150164;
0.800946;0.669764;0.54136;0.998444;0.537148;0.0775921;
0.237522;0.1299;0.93547;0.90927;0.517678;0.950835;
0.214633;0.821012;0.350561;0.367453;0.0934157;0.969085;
0.204929;0.786038;0.79057;0.00972;0.0495308;0.11281;
0.0248112;0.0991989;0.353124;0.754055;0.0149233;0.893767;
0.0844434;0.615991;0.479652;0.549645;0.712261;0.104875;
0.637736;0.72311;0.205295;0.12697;0.207919;0.570397;
0.0323186;0.0885176;0.408972;0.747768;0.162081;0.895781;
0.95964;0.41146;0.0633249;0.954986;0.078645;0.217731;
0.704814;0.172381;0.484779;0.322835;0.555276;0.954253;
0.396765;0.383017;0.583474;0.206806;0.533364;0.554528;
0.258152;0.336324;0.113313;0.493614;0.548074;0.249042;
0.85539;0.356527;0.921981;0.351217;0.978317;0.799527;
0.348608;0.549096;0.200839;0.978851;0.296727;0.24892;
0.741741;0.550744;0.735088;0.356954;0.319738;0.671473;
0.132418;0.279438;0.153597;0.997284;0.457496;0.922637;
0.962081;0.684413;0.179049;0.692775;0.963912;0.38912;
0.265843;0.496117;0.877852;0.267659;0.186618;0.738918;
0.922652;0.976287;0.91014;0.327413;0.81706;0.671229;
0.905135;0.667872;0.779828;0.00874342;0.140352;0.666529;
0.529702;0.145098;0.0845655;0.729641;0.285435;0.736538;
0.706523;0.763455;0.765789;0.9393;0.474952;0.174212;
0.189487;0.409628;0.358618;0.868193;0.275303;0.303792;
0.826276;0.251606;0.241978;0.278035;0.846662;0.230732;
0.80827;0.488609;0.888533;0.21181;0.192905;0.59176;
0.920638;0.101091;0.114656;0.74374;0.411719;0.304829;
0.792279;0.600793;0.330541;0.729274;0.944503;0.319173;
0.145846;0.780667;0.790082;0.555138;0.826398;0.365255;
0.0477607;0.464927;0.840925;0.889311;0.936324;0.704799;
0.158175;0.259052;0.174472;0.430991;0.246921;0.880766;
0.981003;0.299763;0.0758984;0.66067;0.0746166;0.467369;
0.113863;0.00502022;0.674113;0.590051;0.329564;0.820096;
0.498207;0.824063;0.191745;0.512108;0.765667;0.82565;
0.669169;0.987335;0.195224;0.751064;0.230564;0.652003;
0.00564584;0.25655;0.844709;0.412375;0.915694;0.498375;
0.980331;0.674708;0.144076;0.132769;0.60618;0.345235;
0.409583;0.315999;0.191012;0.830228;0.930953;0.704311;
0.703593;0.0359045;0.426917;0.453941;0.61265;0.368551;
0.116243;0.221149;0.886946;0.734401;0.717693;0.162188;
0.995224;0.539696;0.449989;0.933318;0.906233;0.6907;
0.0318914;0.690761;0.088716;0.593652;0.68217;0.0907759;
0.511452;0.154803;0.119539;0.289631;0.643168;0.780423;
0.562783;0.943572;0.452613;0.37673;0.730632;0.20882;
0.408545;0.349996;0.84184;0.741665;0.479713;0.60647;
0.615152;0.698329;0.134859;0.552392;0.269322;0.735073;
0.342748;0.0940108;0.52311;0.00813306;0.572122;0.637598;
0.595254;0.173785;0.79173;0.0893721;0.204501;0.388266;
0.470314;0.855619;0.569619;0.30782;0.576638;0.842557;
0.409339;0.0887007;0.579446;0.456443;0.942428;0.387167;
0.447486;0.60354;0.887617;0.359457;0.649516;0.690089;
0.463661;0.66183;0.154269;0.622339;0.389319;0.450523;
0.430518;0.806546;0.883345;0.381796;0.446998;0.148943;
0.664469;0.611902;0.672465;0.0558022;0.951461;0.797086;
0.0756542;0.433371;0.46305;0.0935836;0.125338;0.687892;
0.418006;0.157671;0.790265;0.725612;0.535073;0.145586;
0.539162;0.952789;0.03299;0.713588;0.340795;0.275654;
0.630533;0.0178988;0.66392;0.100481;0.546426;0.714809;
0.477272;0.333516;0.499428;0.96054;0.249607;0.381003;
0.708293;0.411337;0.949691;0.149187;0.891768;0.223468;
0.0462348;0.0443275;0.268589;0.0531777;0.508034;0.972686;
0.557534;0.0567178;0.803815;0.340475;0.97734;0.890349;
0.902327;0.0539712;0.246738;0.710292;0.272313;0.519432;
0.584512;0.172808;0.882551;0.643091;0.709392;0.434165;
0.201755;0.831205;0.840131;0.150591;0.198703;0.990021;
0.695476;0.478355;0.342138;0.52578;0.494179;0.0736858;
0.600809;0.344747;0.955001;0.0928511;0.443458;0.853178;
0.296666;0.192096;0.838849;0.957305;0.237949;0.527672;
0.255711;0.0633707;0.997604;0.755825;0.662821;0.0776532;
0.294347;0.0327916;0.528908;0.406394;0.34696;0.014847;
0.822736;0.95584;0.874189;0.858244;0.0130312;0.132219;
0.0947585;0.219196;0.068574;0.841825;0.727459;0.253986;
0.458106;0.490867;0.991012;0.61886;0.150362;0.985626;
0.604166;0.470054;0.614115;0.732326;0.785687;0.463828;
0.818097;0.637232;0.254307;0.756435;0.231052;0.106584;
0.228794;0.00410468;0.821759;0.0466468;0.427893;0.363119;
0.0589303;0.863676;0.0703441;0.489708;0.91136;0.46389;
0.874922;0.540124;0.847761;0.253559;0.0603342;0.170611;
0.836896;0.138933;0.345373;0.537438;0.347509;0.526268;
0.948775;0.296834;0.348363;0.321798;0.589273;0.605066;
0.308202;0.931792;0.485634;0.118364;0.195773;0.26247;
0.356603;0.993011;0.479835;0.720119;0.420935;0.885222;
0.129122;0.210956;0.397375;0.951263;0.612406;0.141253;
0.504677;0.847379;0.898421;0.417258;0.461585;0.729824;
0.455909;0.445212;0.486854;0.254841;0.253635;0.131365;
0.299229;0.578698;0.760357;0.881987;0.117464;0.357626;
0.944808;0.603296;0.660319;0.74789;0.275731;0.701564;
0.146517;0.405722;0.721904;0.0830243;0.294835;0.487388;
0.752056;0.153948;0.32401;0.649134;0.334936;0.820584;
0.952804;0.0471962;0.939315;0.489158;0.399939;0.33785;
0.533913;0.0659342;0.384192;0.677333;0.587503;0.957183;
0.1243;0.721889;0.0688182;0.0691081;0.339025;0.627771;
0.446632;0.808011;0.247105;0.0512245;0.689677;0.0800946;
0.5673;0.148516;0.266697;0.291646;0.518349;0.575891;
0.146456;0.348898;0.819013;0.489586;0.797711;0.658106;
0.688029;0.545861;0.189181;0.125505;0.84416;0.900969;
0.789654;0.157366;0.506142;0.211139;0.567849;0.659937;
0.392737;0.632654;0.992538;0.0394446;0.722698;0.821744;
0.0324407;0.202167;0.214755;0.934661;0.156344;0.554345;
0.0876783;0.627649;0.332982;0.00221256;0.0602121;0.0569619;
0.0310979;0.952056;0.35111;0.878874;0.219455;0.310079;
0.679118;0.249592;0.366796;0.482567;0.262974;0.825406;
0.441871;0.375753;0.821454;0.762539;0.913436;0.395895;
0.573281;0.71725;0.750225;0.449241;0.237217;0.845792;
0.420996;0.942046;0.0320134;0.80441;0.894514;0.780545;
0.676432;0.749355;0.639506;0.370993;0.389197;0.336873;
0.624735;0.619654;0.889082;0.723232;0.318944;0.932769;
0.394812;0.56466;0.690898;0.216571;0.625162;0.0174105;
0.209323;0.877348;0.798871;0.737758;0.843;0.821317;
0.634684;0.881926;0.0606394;0.454734;0.351354;0.106157;
0.831037;0.683864;0.667643;0.566735;0.622904;0.914946;
0.802289;0.91989;0.405005;0.0542153;0.474037;0.321859;
0.646098;0.507958;0.901656;0.428916;0.314916;0.182391;
0.803876;0.397299;0.880232;0.483787;0.399451;0.883268;
0.310765;0.318379;0.407141;0.0430457;0.075288;0.0924239;
0.0456855;0.532921;0.14255;0.712184;0.0338445;0.509117;
0.981308;0.583886;0.590372;0.627893;0.560281;0.613794;
0.433997;0.0454871;0.348241;0.208148;0.78349;0.418173;
0.313939;0.273213;0.35758;0.90219;0.926131;0.215229;
0.375036;0.153765;0.153536;0.940459;0.554604;0.329183;
0.464942;0.855131;0.115023;0.0846723;0.829084;0.865507;
0.775067;0.576501;0.714702;0.377829;0.75346;0.460899;
0.090547;0.29836;0.768963;0.894133;0.425391;0.033341;
0.0403143;0.532433;0.687968;0.489036;0.28629;0.532067;
0.347021;0.0716716;0.725628;0.549279;0.371313;0.687526;
0.0770581;0.740322;0.229587;0.742824;0.559365;0.76144;
0.890608;0.143816;0.891279;0.768887;0.823102;0.296773;
0.291539;0.418906;0.995834;0.107927;0.47892;0.867765;
0.877546;0.983551;0.67216;0.771695;0.436988;0.829862;
0.590005;0.286946;0.142916;0.0531167;0.451209;0.0697795;
0.964096;0.559594;0.974533;0.276448;0.369238;0.75552;
0.378698;0.563195;0.327123;0.547143;0.382483;0.0862593;
0.306493;0.340719;0.204623;0.501915;0.276097;0.0424964;
0.563882;0.9664;0.704692;0.058732;0.678996;0.135943;
0.561013;0.295674;0.268711;0.166827;0.313817;0.159564;
0.551797;0.715297;0.931868;0.556664;0.246983;0.937591;
0.883894;0.893217;0.573037;0.489952;0.138643;0.0754559;
0.248692;0.528649;0.164889;0.509667;0.492714;0.709926;
0.93138;0.102068;0.0238346;0.190021;0.906844;0.25893;
0.0608225;0.625208;0.060029;0.886503;0.322423;0.17171;
0.859724;0.391012;0.0273747;0.485801;0.274632;0.678737;
0.894453;0.72372;0.773541;0.155901;0.142367;0.541711;
0.32517;0.728786;0.489906;0.096025;0.398291;0.803616;
0.155795;0.0429236;0.961654;0.286641;0.858808;0.538659;
0.483986;0.584131;0.81767;0.23946;0.934066;0.602319;
0.751141;0.301595;0.780621;0.747463;0.877974;0.381308;
0.992416;0.925811;0.916915;0.634852;0.0381781;0.543603;
0.0867018;0.718471;0.886702;0.507103;0.106111;0.788418;
0.00668345;0.222553;0.193881;0.500938;0.366918;0.596216;
0.0687572;0.0122835;0.436133;0.0343175;0.949508;0.978729;
0.183078;0.443137;0.554849;0.556481;0.0765087;0.228901;
0.103548;0.401816;0.0851759;0.297871;0.314366;0.670985;
0.677836;0.0562905;0.406043;0.0202182;0.823224;0.410422;
0.097322;0.605798;0.990097;0.766506;0.606973;0.0839399;
0.147189;0.0307774;0.653727;0.610925;0.763287;0.609522;
0.456336;0.842985;0.807111;0.408957;0.733562;0.93637;
0.747417;0.835355;0.704143;0.547326;0.552956;0.794949;
0.0868238;0.83212;0.692485;0.693996;0.100374;0.446983;
0.134737;0.438743;0.463539;0.54818;0.348486;0.435447;
0.395056;0.791958;0.302464;0.590356;0.613687;0.334554;
0.465431;0.309712;0.33817;0.832242;0.806134;0.499779;
0.287266;0.441245;0.793317;0.566796;0.679728;0.817838;
0.395727;0.417014;0.234287;0.118242;0.0821241;0.456687;
0.169711;0.998749;0.821271;0.592065;0.204746;0.615564;
0.0818799;0.229389;0.558145;0.624964;0.832746;0.274922;
0.948653;0.183185;0.54258;0.134905;0.59501;0.946502;
0.180148;0.715602;0.215976;0.0711223;0.214206;0.423239;
0.0303044;0.213336;0.613504;0.16408;0.756756;0.529381;
0.846784;0.344381;0.614054;0.675502;0.882795;0.87039;
0.320958;0.80795;0.19028;0.148333;0.0962234;0.582971;
0.738018;0.0844892;0.65861;0.156817;0.994736;0.0850996;
0.226841;0.185748;0.929183;0.0564126;0.519692;0.826017;
0.0101015;0.404685;0.755901;0.733852;0.206271;0.0361486;
0.654215;0.065507;0.986435;0.357076;0.433387;0.477256;
0.31931;0.273701;0.812177;0.125322;0.673686;0.192279;
0.009308;0.66598;0.0182803;0.0190585;0.743572;0.255451;
0.821881;0.160296;0.233677;0.550011;0.053193;0.52224;
0.198398;0.705898;0.181003;0.511131;0.856489;0.379355;
0.174044;0.0332189;0.92668;0.72665;0.501076;0.494774;
0.627726;0.404013;0.130831;0.802029;0.678386;0.567712;
0.532082;0.361227;0.297398;0.873991;0.673564;0.0786297;
0.203525;0.479088;0.0240177;0.360494;0.615518;0.0392615;
0.552224;0.113054;0.25211;0.71078;0.726909;0.74258;
0.332067;0.149859;0.516823;0.155291;0.574136;0.512779;
0.390723;0.757473;0.197055;0.455772;0.317357;0.455344;
0.9196;0.135088;0.765484;0.655177;0.960494;0.206989;
0.703838;0.263203;0.0384833;0.827726;0.601175;0.685695;
0.372351;0.653529;0.426246;0.828885;0.680827;0.840665;
0.647807;0.0990158;0.18265;0.0453651;0.234592;0.402365;
0.596597;0.423911;0.655375;0.145159;0.14139;0.632532;
0.878889;0.233661;0.535805;0.827481;0.373877;0.0741131;
0.998581;0.665003;0.109102;0.572778;0.248447;0.30135;
0.553323;0.135882;0.504189;0.392782;0.675273;0.669703;
0.484535;0.0955367;0.943709;0.580468;0.40824;0.0658732;
0.327367;0.774441;0.994064;0.460044;0.295018;0.657862;
0.460731;0.934295;0.815412;0.13698;0.527016;0.644862;
0.357275;0.618067;0.411658;0.248005;0.889387;0.00733959;
0.833417;0.899992;0.880476;0.711086;0.011017;0.257038;
0.29929;0.635523;0.663249;0.475425;0.614603;0.186908;
0.00881971;0.211383;0.795148;0.271504;0.766522;0.62118;
0.309667;0.295552;0.155062;0.361044;0.126925;0.165301;
0.893233;0.587243;0.715679;0.287007;0.199741;0.956023;
0.0446479;0.566918;0.793378;0.623621;0.58262;0.411276;
0.892866;0.246296;0.298314;0.726345;0.216953;0.980316;
0.660502;0.918364;0.984421;0.481895;0.637919;0.893584;
0.913985;0.907317;0.699321;0.0582437;0.224399;0.91281;
0.813458;0.318624;0.63444;0.654627;0.449073;0.0809491;
0.362829;0.789029;0.574929;0.251484;0.128328;0.472251;
0.65977;0.236469;0.149691;0.360555;0.672343;0.942168;
0.145663;0.610193;0.0813916;0.774807;0.334997;0.877409;
0.855695;0.64065;0.436439;0.318441;0.463966;0.945953;
0.668742;0.589563;0.874983;0.596948;0.750652;0.847013;
0.557473;0.999908;0.900923;0.747036;0.480201;0.0610513;
0.8383;0.445884;0.11191;0.186664;0.781537;0.599817;
0.421363;0.282979;0.449378;0.365072;0.877302;0.756252;
0.0605783;0.39791;0.448463;0.512718;0.333898;0.854582;
0.603616;0.958648;0.488075;0.391318;0.311498;0.000259403;
0.241855;0.164385;0.0408637;0.0438392;0.814008;0.830045;
0.760479;0.995636;0.923262;0.544518;0.939071;0.26186;
0.788373;0.96408;0.545388;0.748806;0.128084;0.244953;
0.048188;0.862699;0.161166;0.0434119;0.416236;0.509789;
0.606363;0.515709;0.118257;0.0963302;0.682414;0.318074;
0.123018;0.528588;0.108064;0.606775;0.899275;0.212787;
0.102083;0.0380407;0.415747;0.0551919;0.383215;0.768154;
0.141207;0.462058;0.170199;0.45333;0.0444038;0.33962;
0.181796;0.249836;0.594095;0.0941329;0.636759;0.813931;
0.759014;0.631861;0.253819;0.301839;0.00790417;0.35903;
0.251743;0.369833;0.309545;0.181903;0.349279;0.174151;
0.132662;0.506737;0.765179;0.371054;0.446021;0.239765;
0.218173;0.116777;0.718364;0.787259;0.927047;0.0675822;
0.918441;0.055436;0.610513;0.379721;0.514992;0.450584;
0.487343;0.709438;0.476783;0.878935;0.27628;0.21297;
0.272557;0.746731;0.196078;0.546593;0.871077;0.960235;
0.965499;0.866545;0.74107;0.925689;0.803265;0.829068;
0.851301;0.54934;0.428138;0.590417;0.670512;0.237446;
0.0588693;0.806851;0.167453;0.896269;0.414221;0.634607;
0.810895;0.932036;0.712932;0.729946;0.569558;0.250996;
0.673747;0.249104;0.912215;0.259419;0.515419;0.848356;
0.807599;0.863554;0.95671;0.683925;0.724468;0.469627;
0.216342;0.41207;0.631571;0.983917;0.0130922;0.189044;
0.997665;0.81265;0.565713;0.671107;0.791485;0.862089;
0.592935;0.0144808;0.481788;0.538476;0.313512;0.875456;
0.0373236;0.748074;0.446204;0.410239;0.926864;0.897124;
0.209751;0.275105;0.119112;0.891875;0.322911;0.626307;
0.0828565;0.138567;0.00442512;0.120073;0.786847;0.543481;
0.973068;0.912688;0.699809;0.51284;0.447547;0.660365;
0.790509;0.952911;0.146639;0.519371;0.527687;0.269917;
0.289097;0.145953;0.88011;0.370138;0.593668;0.696376;
0.316503;0.659815;0.279088;0.826871;0.805646;0.045182;
0.0641184;0.69369;0.816266;0.932525;0.167514;0.953094;
0.317113;0.228046;0.308019;0.761318;0.776959;0.338033;
0.704387;0.774624;0.164523;0.168719;0.0753491;0.149248;
0.948592;0.12636;0.639689;0.541466;0.0978714;0.117205;
0.116121;0.1075;0.0811475;0.547509;0.72343;0.503624;
0.86717;0.323507;0.180331;0.886076;0.924666;0.851469;
0.705608;0.911101;0.222385;0.0376135;0.0179751;0.734951;
0.229099;0.288228;0.336217;0.0138705;0.913558;0.509545;
0.379065;0.904143;0.744488;0.107805;0.36527;0.0619669;
0.690654;0.989288;0.0135805;0.643641;0.220798;0.560204;
0.542763;0.305379;0.303685;0.726833;0.67155;0.203449;
0.408057;0.895415;0.618692;0.99411;0.502663;0.972198;
0.102937;0.833585;0.0562448;0.363424;0.343053;0.378134;
0.0375677;0.975372;0.0577707;0.784024;0.915389;0.214252;
0.465858;0.707485;0.658427;0.986358;0.286046;0.304768;
0.735454;0.697902;0.737102;0.232136;0.115206;0.255146;
0.537758;0.645838;0.266453;0.0643473;0.906783;0.202106;
0.157931;0.031754;0.562905;0.0572061;0.258396;0.563622;
0.724895;0.867399;0.536599;0.566186;0.111482;0.788907;
0.46128;0.445701;0.941451;0.477989;0.0011902;0.108415;
0.933516;0.090898;0.625101;0.960601;0.306432;0.283894;
0.301732;0.908476;0.778973;0.213214;0.499855;0.358297;
0.569863;0.535119;0.188205;0.216327;0.397864;0.405844;
0.835554;0.888823;0.481727;0.481651;0.41062;0.282002;
0.5402;0.918791;0.382177;0.802152;0.792035;0.373495;
0.718975;0.355489;0.955978;0.00202945;0.889754;0.348287;
0.250767;0.460655;0.863264;0.686793;0.395178;0.905608;
0.108248;0.777249;0.60795;0.993133;0.593484;0.525902;
0.607828;0.879484;0.787701;0.33901;0.613565;0.220905;
0.659648;0.12282;0.343908;0.173663;0.67808;0.283589;
0.0176089;0.394003;0.811749;0.727565;0.353429;0.0381628;
0.529397;0.86099;0.570108;0.762417;0.799786;0.590112;
0.386389;0.722988;0.0916457;0.321187;0.0210269;0.576135;
0.373754;0.960479;0.192782;0.478111;0.114839;0.914214;
0.120394;0.0851606;0.283665;0.0886397;0.522621;0.553552;
0.348974;0.890043;0.618204;0.539513;0.279515;0.224628;
0.125887;0.199298;0.544045;0.49868;0.264439;0.189166;
0.111299;0.618433;0.752605;0.66537;0.45005;0.990143;
0.809125;0.284138;0.52903;0.520043;0.152743;0.20174;
0.816999;0.614405;0.00222782;0.0744182;0.282689;0.179461;
0.0763256;0.0584268;0.394873;0.621485;0.59379;0.810025;
0.122286;0.846708;0.27335;0.485435;0.9337;0.261372;
0.333776;0.740932;0.797833;0.771756;0.493812;0.732753;
0.183444;0.784085;0.972213;0.117144;0.0592966;0.204608;
0.487709;0.05037;0.894148;0.439597;0.259068;0.188678;
0.656718;0.395285;0.00503548;0.688319;0.815778;0.477928;
0.944381;0.205524;0.340063;0.593774;0.795819;0.896574;
0.698344;0.149065;0.778119;0.417685;0.859358;0.0500649;
0.610025;0.925139;0.291844;0.703029;0.510292;0.0751507;
0.964584;0.0141756;0.197665;0.0240024;0.346288;0.389792;
0.890913;0.427939;0.405737;0.73611;0.308751;0.443198;
0.611673;0.459373;0.669963;0.72604;0.932845;0.465843;
0.693278;0.4327;0.837995;0.161761;0.597452;0.21944;
0.295872;0.453391;0.101228;0.242512;0.77525;0.746975;
0.423377;0.15816;0.244846;0.94876;0.282628;0.122637;
0.173434;0.464988;0.897749;0.792203;0.529763;0.201923;
0.987472;0.323079;0.782574;0.56582;0.77055;0.371542;
0.900618;0.462913;0.965743;0.0938277;0.352636;0.299458;
0.791791;0.146197;0.107393;0.98172;0.967453;0.684901;
0.633646;0.915923;0.711467;0.366171;0.90013;0.00831617;
0.742596;0.346273;0.375586;0.665187;0.279576;0.281453;
0.0287785;0.792752;0.0411688;0.327962;0.328466;0.797269;
0.246128;0.142046;0.243381;0.584985;0.613199;0.879973;
0.242283;0.562158;0.36112;0.197955;0.293919;0.635035;
0.208652;0.252277;0.867048;0.209857;0.374548;0.699184;
0.930404;0.192889;0.577554;0.694911;0.952743;0.990387;
0.036408;0.89572;0.902815;0.508568;0.469886;0.457847;
0.249363;0.153704;0.0967117;0.0375525;0.961166;0.832059;
0.63566;0.791104;0.506935;0.949859;0.305455;0.374716;
0.855451;0.413352;0.824872;0.944671;0.475441;0.628809;
0.412634;0.157183;0.335668;0.502464;0.787518;0.168536;
0.904891;0.440574;0.168246;0.634974;0.151827;0.349386;
0.273594;0.712734;0.545266;0.635157;0.322301;0.0580606;
0.0539254;0.20412;0.0331121;0.827237;0.146578;0.462547;
0.624796;0.676478;0.791974;0.31667;0.816083;0.762051;
0.458839;0.172747;0.825727;0.7402;0.115938;0.937041;
0.372473;0.767178;0.232029;0.0157626;0.67509;0.499229;
0.77586;0.315206;0.452308;0.092607;0.216159;0.241596;
0.922896;0.203571;0.521706;0.701198;0.805585;0.988373;
0.161227;0.100237;0.319127;0.103227;0.103487;0.344991;
0.182284;0.704433;0.817243;0.841703;0.613809;0.448203;
0.271214;0.496605;0.332433;0.490806;0.934188;0.715969;
0.556924;0.488487;0.774884;0.406027;0.00601205;0.597498;
0.262058;0.973053;0.898482;0.474083;0.364477;0.323262;
0.953048;0.274495;0.550881;0.862943;0.388464;0.654994;
0.790021;0.498314;0.923507;0.771817;0.550637;0.635645;
0.776898;0.281209;0.801495;0.18117;0.667399;0.339437;
0.0113222;0.541161;0.813764;0.602747;0.148898;0.621851;
0.934737;0.227375;0.682963;0.829496;0.249058;0.869596;
0.582254;0.0703288;0.475502;0.685634;0.315526;0.750637;
0.832807;0.331746;0.851545;0.776638;0.039704;0.964202;
0.659037;0.554589;0.314977;0.239216;0.706767;0.990753;
0.377356;0.313069;0.463478;0.491356;0.445594;0.842008;
0.897932;0.962676;0.238437;0.982269;0.478859;0.810941;
0.974655;0.390097;0.175021;0.942412;0.372961;0.221759;
0.455177;0.763333;0.65214;0.133501;0.28806;0.17995;
0.530922;0.281575;0.142428;0.598535;0.228061;0.322225;
0.987045;0.925322;0.462318;0.411704;0.290623;0.566552;
0.45243;0.206256;0.0219425;0.428489;0.917159;0.86215;
0.64976;0.917388;0.075227;0.0355993;0.142794;0.939483;
0.645426;0.882902;0.969833;0.90103;0.846479;0.0602579;
0.0995804;0.708278;0.397131;0.723964;0.000823987;0.767483;
0.516152;0.530236;0.642313;0.984894;0.922286;0.63534;
0.492775;0.766751;0.834272;0.695521;0.520974;0.0193027;
0.970871;0.867033;0.195651;0.148821;0.55082;0.806119;
0.485573;0.0615396;0.292882;0.669032;0.85948;0.163714;
0.415808;0.112016;0.286107;0.361593;0.638346;0.291341;
0.234226;0.0614176;0.179232;0.863249;0.672587;0.169451;
0.757244;0.983978;0.0699168;0.0919356;0.591104;0.309773;
0.394995;0.735134;0.399573;0.996918;0.116548;0.505272;
0.401404;0.701625;0.203342;0.308614;0.315343;0.580163;
0.124117;0.551415;0.360143;0.288777;0.847639;0.13991;
0.254551;0.983734;0.842634;0.480369;0.217319;0.321248;
0.0778515;0.479026;0.967208;0.457603;0.0220645;0.542138;
0.722942;0.0490272;0.644022;0.575952;0.203281;0.251789;
0.412451;0.986725;0.626993;0.722133;0.296117;0.68069;
0.71281;0.616297;0.763775;0.0641032;0.679484;0.590539;
0.784161;0.0432288;0.245762;0.801114;0.826032;0.0243076;
0.630411;0.904265;0.858137;0.913603;0.552163;0.0562295;
0.349218;0.117327;0.22977;0.913298;0.26804;0.541772;
0.381994;0.631678;0.0833448;0.593164;0.227573;0.867643;
0.763897;0.177752;0.485267;0.777432;0.778424;0.701808;
0.373816;0.0172885;0.0956741;0.0715496;0.611978;0.743496;
0.184421;0.693263;0.418494;0.612268;0.0133974;0.473167;
0.512123;0.779873;0.0513619;0.817533;0.111604;0.902556;
0.267063;0.632593;0.935714;0.136553;0.129244;0.324605;
0.203159;0.13814;0.606668;0.799832;0.632731;0.0635538;
0.168063;0.4645;0.443153;0.569055;0.782208;0.224872;
0.353185;0.81088;0.91783;0.487205;0.581582;0.445274;
0.543679;0.157733;0.847089;0.628504;0.128511;0.642725;
0.368444;0.0168002;0.641093;0.848417;0.864424;0.766445;
0.550149;0.181048;0.55375;0.533654;0.824445;0.546899;
0.155184;0.474693;0.932723;0.352193;0.887495;0.245808;
0.843732;0.503197;0.469398;0.00325017;0.026215;0.406149;
0.119661;0.403281;0.448951;0.967315;0.557046;0.602136;
0.580667;0.59292;0.000274662;0.256062;0.390112;0.189227;
0.168124;0.521324;0.346044;0.162493;0.279332;0.0541543;
0.417212;0.418967;0.0526436;0.0108186;0.0723583;0.364889;
0.706828;0.0475624;0.280247;0.906523;0.960616;0.320638;
0.509621;0.450095;0.0327459;0.48629;0.729229;0.901884;
0.642008;0.700771;0.407813;0.668116;0.0071107;0.620325;
0.514137;0.655055;0.846845;0.401205;0.516945;0.26894;
0.379919;0.699672;0.384985;0.416037;0.325109;0.671962;
0.587015;0.502586;0.901167;0.974334;0.0917678;0.434836;
0.826825;0.763027;0.368017;0.619043;0.320836;0.694301;
0.384497;0.961456;0.101961;0.924407;0.609964;0.868315;
0.388952;0.109575;0.0131533;0.245869;0.900557;0.406088;
0.0628367;0.500389;0.855512;0.470176;0.727764;0.538109;
0.97258;0.458091;0.476661;0.765286;0.470497;0.0260777;
0.278294;0.0881514;0.0680247;0.330404;0.601419;0.912993;
0.983932;0.0272984;0.414771;0.146014;0.936934;0.27303;
0.187106;0.1935;0.145785;0.723842;0.88719;0.9617;
0.329259;0.535973;0.983749;0.85684;0.706096;0.365682;
0.445533;0.785183;0.995041;0.369223;0.741314;0.152972;
0.414832;0.202838;0.839826;0.866484;0.684245;0.0227817;
0.209812;0.33193;0.0220035;0.485313;0.82005;0.455589;
0.146883;0.74667;0.139254;0.643702;0.277623;0.463096;
0.136202;0.802518;0.132967;0.79086;0.279637;0.338277;
0.931685;0.386191;0.538308;0.157244;0.392493;0.405356;
0.380957;0.665675;0.734173;0.504601;0.776349;0.769802;
0.675456;0.840177;0.19321;0.875883;0.435096;0.0683146;
0.60032;0.890166;0.731853;0.345296;0.466407;0.218891;
0.784466;0.327352;0.760235;0.768338;0.311681;0.170733;
0.950546;0.944732;0.532265;0.531701;0.00607309;0.654322;
0.16495;0.566491;0.395605;0.303365;0.428504;0.931365;
0.0878614;0.798123;0.0416571;0.782559;0.551614;0.544823;
0.223178;0.776333;0.755596;0.449729;0.691814;0.068925;
0.168551;0.919097;0.6663;0.316609;0.759258;0.859159;
0.8654;0.675624;0.996445;0.676173;0.507851;0.802213;
0.848859;0.276387;0.312413;0.852628;0.78526;0.0660563;
0.497841;0.483116;0.774395;0.951446;0.782879;0.849943;
0.285008;0.338766;0.386267;0.609339;0.285863;0.134295;
0.0267643;0.917571;0.245701;0.744289;0.92314;0.430869;
0.133272;0.0749676;0.79411;0.305501;0.417334;0.532616;
0.858442;0.197711;0.0666209;0.0234531;0.834882;0.263752;
0.549905;0.953765;0.942184;0.159869;0.83592;0.229755;
0.899092;0.0423133;0.393408;0.25771;0.924361;0.567346;
0.191135;0.943877;0.736736;0.891203;0.697856;0.694484;
0.554971;0.67013;0.882307;0.415793;0.0978103;0.0603799;
0.21323;0.514061;0.584024;0.718227;0.659403;0.895537;
0.732341;0.799893;0.689555;0.966461;0.761517;0.961639;
0.272435;0.633082;0.390295;0.359701;0.876814;0.301656;
0.837446;0.650355;0.471412;0.878447;0.821698;0.989837;
0.525002;0.76968;0.561807;0.0343786;0.00631724;0.881621;
0.776532;0.940276;0.384131;0.620508;0.684611;0.363729;
0.627176;0.892607;0.00479133;0.461021;0.204196;0.104143;
0.955856;0.888396;0.0839551;0.161395;0.256504;0.80209;
0.73521;0.470603;0.125521;0.858366;0.12668;0.938018;
0.281651;0.213458;0.727153;0.969879;0.943648;0.523644;
0.505348;0.472435;0.830243;0.945159;0.930037;0.851957;
0.160189;0.134234;0.969955;0.0146639;0.652262;0.24715;
0.093843;0.366842;0.525185;0.940154;0.270481;0.814725;
0.497719;0.369467;0.968612;0.764553;0.788617;0.191363;
0.156954;0.122576;0.116609;0.562097;0.304295;0.295064;
0.700481;0.137896;0.37937;0.188251;0.258946;0.0750286;
0.850935;0.208392;0.0107729;0.0297398;0.687724;0.261738;
0.674723;0.158282;0.358495;0.754543;0.46952;0.116899;
0.832013;0.593042;0.113924;0.0618448;0.577005;0.18349;
0.826703;0.649378;0.562234;0.432151;0.326574;0.0357214;
0.256443;0.745266;0.832319;0.877165;0.628397;0.0290684;
0.0626535;0.329915;0.146822;0.689845;0.236362;0.050248;
0.780499;0.633814;0.0721752;0.194415;0.998154;0.267231;
0.788861;0.418662;0.768536;0.496361;0.105135;0.87924;
0.560403;0.727443;0.23978;0.23238;0.342504;0.866728;
0.911543;0.634363;0.583597;0.320455;0.339147;0.741421;
0.252415;0.994903;0.241367;0.709804;0.817731;0.296284;
0.836957;0.195758;0.248264;0.130877;0.844648;0.35555;
0.0127871;0.904936;0.483192;0.845426;0.0800488;0.524681;
0.471351;0.821622;0.918807;0.396384;0.027863;0.940398;
0.49778;0.426291;0.871504;0.357992;0.28574;0.0206455;
0.220981;0.730678;0.251438;0.0857099;0.795087;0.214679;
0.86363;0.0277256;0.812543;0.46627;0.0910353;0.752956;
0.992111;0.641688;0.402441;0.667628;0.552529;0.397177;
0.766583;0.678004;0.212558;0.889006;0.652201;0.190326;
0.190951;0.773404;0.0280461;0.110857;0.206455;0.206622;
0.36289;0.845853;0.477821;0.844938;0.625467;0.301534;
0.723796;0.844572;0.28452;0.884184;0.163119;0.861784;
0.308812;0.500023;0.514565;0.0528115;0.167086;0.555322;
0.996872;0.07393;0.828107;0.956329;0.328771;0.0813764;
0.760601;0.10927;0.729046;0.731411;0.933333;0.920439;
0.916426;0.180255;0.815045;0.796048;0.109651;0.084184;
0.374487;0.642359;0.0274968;0.599451;0.080415;0.865629;
0.888716;0.382284;0.901595;0.372091;0.412024;0.588952;
0.306737;0.568017;0.816205;0.8757;0.264622;0.35964;
0.819989;0.398764;0.243992;0.153216;0.64213;0.81442;
0.213596;0.855009;0.00137331;0.278889;0.642191;0.871244;
0.116487;0.448447;0.498512;0.108171;0.706218;0.479332;
0.251316;0.972076;0.989303;0.0277867;0.869368;0.369162;
0.684489;0.25008;0.821393;0.705715;0.0105287;0.802457;
0.0761425;0.887968;0.686198;0.841154;0.102388;0.322164;
0.93022;0.0224155;0.868879;0.91458;0.461341;0.502525;
0.844343;0.0714275;0.498329;0.937713;0.997543;0.699001;
0.75993;0.484215;0.797223;0.20351;0.464881;0.798306;
0.212131;0.491234;0.331945;0.0362097;0.71104;0.968414;
0.579873;0.854215;0.262669;0.541283;0.927413;0.40853;
0.33579;0.616114;0.593301;0.355428;0.899153;0.0991379;
0.2963;0.851164;0.421485;0.396628;0.255161;0.551965;
0.871565;0.414817;0.188632;0.614099;0.71812;0.55996;
0.315465;0.693812;0.929915;0.738308;0.354406;0.947356;
0.975692;0.3561;0.524208;0.0309606;0.824201;0.3196;
0.543618;0.100908;0.944198;0.03505;0.631388;0.813443;
0.304417;0.408713;0.506264;0.324788;0.373632;0.84683;
0.386999;0.291218;0.120577;0.255634;0.992355;0.868986;
0.0140078;0.0413977;0.541054;0.714321;0.0226749;0.110369;
0.751873;0.98349;0.615335;0.868803;0.843549;0.332723;
0.760723;0.222919;0.534829;0.918303;0.927596;0.579004;
0.0444648;0.396445;0.0846876;0.84329;0.0912184;0.92343;
0.700786;0.422019;0.893843;0.155474;0.74461;0.221454;
0.171054;0.248859;0.684916;0.647852;0.141634;0.859831;
0.490455;0.607446;0.524331;0.14461;0.629984;0.506493;
0.537881;0.759487;0.0722362;0.25124;0.901045;0.860685;
0.285985;0.247944;0.832563;0.104448;0.239963;0.402853;
0.0511788;0.647059;0.40293;0.12221;0.775677;0.144732;
0.743633;0.312276;0.724773;0.75375;0.730816;0.379294;
0.11722;0.130327;0.333227;0.229511;0.671794;0.430747;
0.0196231;0.269184;0.607218;0.311238;0.75877;0.404562;
0.642252;0.928069;0.019379;0.041886;0.995651;0.937469;
0.770245;0.0874189;0.386145;0.495689;0.480079;0.947417;
0.0325017;0.258991;0.117647;0.528099;0.653483;0.383627;
0.151705;0.235737;0.467811;0.525841;0.551003;0.976593;
0.194247;0.841886;0.784283;0.156878;0.051545;0.988006;
0.820294;0.682887;0.758465;0.120439;0.127779;0.960845;
0.53373;0.895476;0.675517;0.897002;0.0961013;0.469322;
0.932235;0.897612;0.664347;0.498253;0.866682;0.868925;
0.957198;0.138506;0.947616;0.217182;0.193393;0.0463416;
0.143771;0.848661;0.0917067;0.378012;0.923934;0.169574;
0.870893;0.789761;0.256809;0.0861982;0.249668;0.437827;
0.611185;0.00477607;0.446815;0.978485;0.955795;0.831571;
0.181064;0.567956;0.75938;0.972808;0.671183;0.862516;
0.990707;0.334737;0.635904;0.0183871;0.118502;0.323629;
0.29398;0.691859;0.111543;0.845731;0.364172;0.0391394;
0.438575;0.307271;0.0652171;0.716518;0.0683299;0.614527;
0.115877;0.880217;0.469581;0.173724;0.734905;0.186481;
0.611063;0.891142;0.641032;0.791592;0.961532;0.172992;
0.0530098;0.351766;0.489723;0.925566;0.689616;0.02327;
0.664408;0.555077;0.769574;0.462364;0.454322;0.967803;
0.0116274;0.825284;0.328222;0.56997;0.634562;0.768276;
0.254856;0.267842;0.357092;0.447593;0.702983;0.467674;
0.397986;0.519493;0.641337;0.0757;0.47599;0.140215;
0.538674;0.498192;0.809857;0.966033;0.363745;0.641382;
0.118318;0.153155;0.585306;0.911528;0.620157;0.35787;
0.172091;0.214862;0.0340887;0.736416;0.592874;0.957671;
0.578897;0.945037;0.816388;0.0461585;0.973312;0.139971;
0.311376;0.886625;0.436072;0.977508;0.0466011;0.385275;
0.685954;0.613855;0.490822;0.948394;0.941695;0.705287;
0.612772;0.4822;0.922042;0.408042;0.881209;0.392966;
0.845747;0.378378;0.264866;0.586938;0.431556;0.772549;
0.232517;0.470359;0.898238;0.246784;0.752911;0.949493;
0.964523;0.957366;0.294774;0.430564;0.849165;0.56051;
0.826886;0.819852;0.270909;0.212482;0.817975;0.523583;
0.448524;0.569543;0.23679;0.44802;0.10074;0.78793;
0.552102;0.99942;0.446326;0.523888;0.732647;0.0840009;
0.204013;0.933684;0.247166;0.108049;0.592569;0.673548;
0.0644236;0.977813;0.330724;0.899748;0.653178;0.0995041;
0.637247;0.268513;0.982162;0.379416;0.230869;0.936126;
0.520119;0.223774;0.330358;0.558801;0.235813;0.538842;
0.654459;0.292805;0.598001;0.730861;0.421912;0.7944;
0.575418;0.706081;0.351476;0.219806;0.63682;0.870756;
0.661906;0.225299;0.750958;0.131121;0.071931;0.967132;
0.386572;0.893462;0.800336;0.101518;0.512428;0.0639811;
0.565835;0.784756;0.597269;0.0489662;0.587198;0.67306;
0.609842;0.754665;0.583169;0.922698;0.0188907;0.587304;
0.772503;0.189899;0.793194;0.453147;0.873945;0.630945;
0.401465;0.75845;0.106233;0.902068;0.812482;0.409445;
0.188144;0.159503;0.494972;0.812406;0.338415;0.0595254;
0.4177;0.873564;0.275792;0.758389;0.0494087;0.999176;
0.219028;0.912322;0.358862;0.0954757;0.886885;0.677577;
0.814801;0.56875;0.498085;0.710414;0.385962;0.325216;
0.771405;0.167071;0.541115;0.771145;0.925582;0.703822;
0.248997;0.812772;0.679362;0.47689;0.978378;0.856352;
0.251499;0.142535;0.697978;0.808133;0.360754;0.857023;
0.87657;0.0743572;0.225864;0.27657;0.482887;0.561303;
0.565591;0.557458;0.985702;0.675196;0.598672;0.355917;
0.353735;0.322286;0.0438544;0.828214;0.0557565;0.908843;
0.119905;0.630579;0.0605173;0.341085;0.545571;0.91928;
0.836774;0.0252842;0.53959;0.350546;0.353246;0.867704;
0.820722;0.0806439;0.078706;0.274556;0.607706;0.765835;
0.981918;0.152117;0.619303;0.562341;0.531594;0.906645;
0.0742504;0.126421;0.696513;0.444358;0.691325;0.614343;
0.945418;0.171527;0.68925;0.682338;0.247044;0.994415;
0.786786;0.486656;0.070161;0.319234;0.20267;0.683558;
0.38352;0.0522621;0.65568;0.429282;0.655863;0.599756;
0.364538;0.380087;0.85594;0.867948;0.0480049;0.692226;
0.452491;0.263081;0.924849;0.0219272;0.414282;0.691432;
0.713787;0.525475;0.210056;0.559228;0.633585;0.859098;
0.808576;0.772732;0.402991;0.179034;0.678569;0.738186;
0.240757;0.141558;0.7888;0.361837;0.865644;0.902922;
0.608011;0.0499428;0.496376;0.119341;0.104952;0.708766;
0.851728;0.947112;0.748394;0.744533;0.150423;0.0424353;
0.507057;0.0634928;0.111238;0.561608;0.849714;0.0719158;
0.952926;0.160845;0.745098;0.676051;0.394202;0.996429;
0.661967;0.282124;0.653849;0.724575;0.56907;0.796414;
0.450599;0.501549;0.935164;0.625147;0.00320439;0.983612;
0.728985;0.674586;0.0304265;0.326986;0.419287;0.350973;
0.751019;0.187945;0.974838;0.560571;0.883711;0.722744;
0.864363;0.709621;0.647257;0.58761;0.056611;0.704372;
0.760418;0.938811;0.0203555;0.95108;0.441932;0.432578;
0.724346;0.355978;0.410559;0.225177;0.637308;0.325338;
0.885054;0.972869;0.728008;0.765408;0.584146;0.831876;
0.465187;0.082414;0.726604;0.458457;0.817609;0.182635;
0.0311589;0.00886549;0.254002;0.472313;0.716594;0.139361;
0.743145;0.857694;0.501625;0.0061799;0.753765;0.745022;
0.60502;0.265583;0.254612;0.0405432;0.745525;0.0738079;
0.714458;0.15053;0.141878;0.0871138;0.102022;0.981231;
0.512856;0.461753;0.886091;0.938872;0.0771801;0.853971;
0.0353704;0.929717;0.553628;0.420005;0.0186465;0.360006;
0.160922;0.816129;0.804669;0.136004;0.617838;0.198566;
0.862165;0.663966;0.143099;0.22359;0.159884;0.850126;
0.455482;0.0474403;0.166598;0.100725;0.773724;0.326375;
0.851057;0.322042;0.816571;0.216632;0.681987;0.920317;
0.802777;0.374472;0.628153;0.801785;0.451087;0.956146;
0.158297;0.372702;0.98027;0.617884;0.241184;0.53933;
0.109041;0.515953;0.345556;0.707912;0.0561837;0.3066;
0.440162;0.784695;0.540444;0.146075;0.993759;0.175921;
0.78056;0.690639;0.975082;0.787869;0.495277;0.0965133;
0.852888;0.0267491;0.903365;0.0199741;0.595926;0.798856;
0.723552;0.617273;0.672953;0.510399;0.174594;0.54464;
0.0527047;0.0676432;0.975265;0.958343;0.203952;0.87686;
0.344274;0.514611;0.0954299;0.844266;0.000396735;0.369711;
0.195895;0.37612;0.162387;0.179889;0.474098;0.378683;
0.548989;0.101396;0.398779;0.258198;0.378943;0.790494;
0.938705;0.920928;0.371008;0.403403;0.5626;0.773098;
0.743938;0.596399;0.239231;0.720974;0.216464;0.525719;
0.437354;0.170794;0.00735485;0.847623;0.125704;0.0288243;
0.83537;0.718349;0.773053;0.70132;0.919234;0.794156;
0.348119;0.0944991;0.977707;0.231281;0.319677;0.614649;
0.229526;0.686;0.656474;0.167987;0.393469;0.314534;
0.827253;0.160784;0.688273;0.773159;0.800763;0.49929;
0.832685;0.218097;0.0457465;0.589746;0.0454414;0.305623;
0.530983;0.338399;0.0453193;0.191974;0.7252;0.151507;
0.0510567;0.53341;0.597147;0.935332;0.781415;0.486168;
0.615579;0.0960861;0.455116;0.706508;0.749248;0.540063;
0.790936;0.350668;0.466896;0.673487;0.00759899;0.0749065;
0.737285;0.402609;0.823896;0.0354772;0.0291447;0.133684;
0.458534;0.88864;0.311254;0.772976;0.630289;0.790616;
0.0523384;0.726711;0.5579;0.397665;0.221164;0.901152;
0.960128;0.866056;0.286473;0.702541;0.0556954;0.852018;
0.217014;0.0371252;0.563394;0.511803;0.481544;0.311177;
0.701946;0.501671;0.0487984;0.43093;0.190097;0.977874;
0.387549;0.80264;0.246616;0.596643;0.466529;0.33254;
0.590249;0.514244;0.754498;0.426902;0.439734;0.386923;
0.220188;0.991974;0.513832;0.370932;0.332372;0.433982;
0.031281;0.122515;0.0597848;0.659205;0.710857;0.79794;
0.871199;0.0738689;0.771283;0.0534218;0.735332;0.584253;
0.931319;0.045243;0.120943;0.596582;0.409705;0.429648;
0.996811;0.0171054;0.925216;0.362875;0.831647;0.252094;
0.696574;0.501183;0.594217;0.207782;0.442542;0.000808728;
0.753277;0.290425;0.381872;0.518029;0.277562;0.406271;
0.23331;0.209064;0.635843;0.961578;0.21561;0.73019;
0.796857;0.862577;0.0475166;0.237629;0.229343;0.515526;
0.947799;0.387655;0.902083;0.826688;0.635172;0.336507;
0.283787;0.202289;0.328405;0.740444;0.343236;0.548608;
0.746258;0.755703;0.549172;0.27187;0.107454;0.038529;
0.870344;0.27834;0.13077;0.745205;0.775494;0.974273;
0.0349432;0.531945;0.233371;0.265888;0.538735;0.555016;
0.712749;0.559472;0.860883;0.470665;0.182345;0.761257;
0.720134;0.435142;0.110933;0.277485;0.335241;0.104692;
0.467262;0.0144198;0.424964;0.635584;0.720073;0.378317;
0.208042;0.684047;0.838117;0.27541;0.403235;0.406332;
0.290135;0.111955;0.229282;0.458701;0.044892;0.794217;
0.404944;0.997406;0.571145;0.72842;0.148959;0.678676;
0.837629;0.820829;0.180087;0.658778;0.313085;0.477684;
0.717082;0.593957;0.966293;0.605249;0.478676;0.640467;
0.265965;0.609766;0.683635;0.454551;0.18088;0.397482;
0.0506905;0.192462;0.179782;0.374655;0.798627;0.51046;
0.231418;0.447532;0.646159;0.564782;0.804547;0.0223545;
0.812055;0.0116732;0.867903;0.00538643;0.0150454;0.00740063;
0.890242;0.802884;0.473915;0.208209;0.840314;0.321065;
0.907393;0.770352;0.186862;0.966217;0.534218;0.350057;
0.898665;0.644556;0.0731518;0.103593;0.444434;0.762356;
0.742962;0.687221;0.79295;0.225849;0.262364;0.25716;
0.41294;0.441306;0.850141;0.469688;0.273167;0.314961;
0.22501;0.481041;0.84239;0.253071;0.605753;0.947478;
0.0893263;0.161883;0.711101;0.0252232;0.482765;0.447654;
0.759808;0.370565;0.99144;0.0166171;0.470619;0.139727;
0.0840772;0.275044;0.0622873;0.988983;0.729473;0.129168;
0.253574;0.0745403;0.396338;0.98526;0.263218;0.0526894;
0.0534371;0.749538;0.809979;0.0796674;0.169528;0.828275;
0.112581;0.811734;0.713359;0.127703;0.889815;0.405112;
0.153658;0.0540932;0.360388;0.516075;0.459205;0.513695;
0.243076;0.300862;0.0987259;0.912749;0.756634;0.415732;
0.0409857;0.157488;0.619791;0.0169223;0.754742;0.6542;
0.0513008;0.760708;0.208713;0.309102;0.76994;0.803311;
0.871687;0.528466;0.99443;0.800992;0.712383;0.218524;
0.443519;0.910002;0.199557;0.78555;0.335973;0.786587;
0.301976;0.13576;0.390539;0.586999;0.48838;0.675441;
0.825971;0.967498;0.72752;0.310811;0.360998;0.0843061;
0.488136;0.448142;0.214389;0.593713;0.738994;0.993683;
0.104891;0.651942;0.948836;0.353658;0.251255;0.915251;
0.0863966;0.434348;0.372229;0.539879;0.620462;0.641993;
0.686564;0.182086;0.519753;0.882841;0.913008;0.998138;
0.253025;0.563134;0.270298;0.644251;0.789044;0.589136;
0.477211;0.276692;0.596536;0.367086;0.752483;0.55172;
0.644266;0.80325;0.814862;0.625574;0.400977;0.303853;
0.883101;0.154498;0.835431;0.775174;0.675944;0.294759;
0.416358;0.623438;0.412146;0.702602;0.11252;0.75491;
0.810468;0.534264;0.392676;0.57583;0.0896315;0.446006;
0.225559;0.992462;0.968429;0.594079;0.0799268;0.411032;
0.665568;0.63473;0.924544;0.737819;0.899825;0.724208;
0.228122;0.379049;0.889937;0.518761;0.959457;0.240986;
0.35465;0.17464;0.587259;0.729885;0.512734;0.348104;
0.080293;0.75198;0.0829175;0.195392;0.907332;0.713527;
0.28397;0.372763;0.0370794;0.520775;0.834638;0.0364538;
0.938338;0.57998;0.953658;0.842741;0.579812;0.797391;
0.359777;0.947845;0.430274;0.579248;0.271763;0.00801099;
0.458473;0.831815;0.408362;0.179522;0.13315;0.961334;
0.988327;0.118608;0.423072;0.874052;0.730388;0.981537;
0.796979;0.976226;0.853315;0.424521;0.223606;0.17409;
0.0758373;0.603845;0.171725;0.87393;0.616739;0.175738;
0.610086;0.981964;0.194736;0.296468;0.00741588;0.904448;
0.0285954;0.622278;0.332494;0.547631;0.837079;0.309407;
0.0540475;0.317769;0.838911;0.0141146;0.140841;0.121111;
0.75285;0.892668;0.0616159;0.363912;0.79765;0.601282;
0.785138;0.952422;0.692058;0.296223;0.780133;0.292866;
0.654826;0.633753;0.0153506;0.291524;0.4047;0.770108;
0.959579;0.354635;0.160433;0.361532;0.581521;0.388449;
0.640787;0.564294;0.34995;0.799222;0.0644846;0.0346227;
0.233616;0.493187;0.150301;0.928801;0.701274;0.876616;
0.116976;0.903044;0.72166;0.855741;0.683268;0.113603;
0.763531;0.83682;0.0679026;0.216754;0.795636;0.726101;
0.98967;0.368734;0.286717;0.929839;0.667277;0.225788;
0.205539;0.354269;0.819501;0.944182;0.0208438;0.405661;
0.66508;0.180133;0.701396;0.990265;0.922774;0.0899214;
0.715923;0.514305;0.811322;0.329793;0.0331731;0.884062;
0.0494697;0.0559854;0.12192;0.50576;0.856001;0.924773;
0.950912;0.285664;0.94963;0.0923629;0.988876;0.63003;
0.549111;0.215045;0.204562;0.44509;0.373205;0.449058;
0.066743;0.137102;0.640665;0.450645;0.544167;0.612329;
0.070222;0.376059;0.105562;0.276997;0.880659;0.881559;
0.719707;0.0373693;0.790692;0.123369;0.855329;0.299702;
0.0190738;0.757778;0.481178;0.970245;0.284581;0.941009;
0.0660105;0.455222;0.805951;0.329305;0.578592;0.660914;
0.301915;0.0789349;0.487648;0.993561;0.991257;0.846159;
0.761944;0.359396;0.592691;0.787198;0.870222;0.164691;
0.324987;0.558312;0.781231;0.315694;0.906905;0.315755;
0.963729;0.218647;0.557168;0.715785;0.38645;0.779812;
0.994553;0.914641;0.518166;0.405417;0.437781;0.568566;
0.327611;0.00172427;0.605631;0.833829;0.283543;0.975006;
0.716838;0.366659;0.354711;0.231464;0.49015;0.323323;
0.00985733;0.177386;0.14432;0.360067;0.217746;0.71902;
